Date,Buy,Sell
2024-04-30 17:00:00,"83,000","85,200"
2024-05-02 01:22:42,"82,500","84,700"
2024-05-02 03:03:01,"82,600","84,800"
2024-05-02 03:10:08,"82,800","85,000"
2024-05-02 03:10:30,"82,800","85,000"
2024-05-02 04:12:34,"82,900","85,100"
2024-05-03 01:28:13,"82,900","85,200"
2024-05-03 03:32:54,"83,000","85,300"
2024-05-03 04:09:44,"83,200","85,500"
2024-05-03 04:29:56,"83,500","85,800"
2024-05-04 01:34:46,"83,500","85,900"
2024-05-06 01:27:02,"83,800","86,000"
2024-05-06 02:21:17,"84,000","86,200"
2024-05-06 03:40:28,"83,800","86,000"
2024-05-06 04:07:42,"83,700","85,900"
2024-05-06 07:00:01,"83,800","86,000"
2024-05-06 07:33:18,"83,900","86,100"
2024-05-06 07:41:51,"84,300","86,500"
2024-05-07 01:26:12,"84,600","86,800"
2024-05-07 02:04:23,"84,700","86,900"
2024-05-07 02:10:57,"84,800","87,000"
2024-05-07 02:36:55,"85,000","87,200"
2024-05-07 03:00:08,"85,200","87,400"
2024-05-07 03:01:57,"85,300","87,500"
2024-05-08 01:25:41,"85,100","87,300"
2024-05-08 01:39:22,"85,000","87,200"
2024-05-08 04:04:52,"85,300","87,500"
2024-05-09 01:30:36,"85,700","88,000"
2024-05-09 01:40:45,"85,900","88,200"
2024-05-09 01:48:29,"86,000","88,300"
2024-05-09 02:19:11,"86,200","88,500"
2024-05-09 02:57:05,"86,400","88,700"
2024-05-09 04:19:25,"86,500","88,800"
2024-05-09 06:17:04,"86,800","89,100"
2024-05-09 07:23:34,"87,000","89,300"
2024-05-09 08:00:18,"87,200","89,500"
2024-05-10 01:36:37,"88,200","90,500"
2024-05-10 02:37:49,"88,500","90,800"
2024-05-10 03:18:30,"88,900","91,200"
2024-05-10 03:26:45,"89,200","91,500"
2024-05-10 03:39:44,"89,500","91,800"
2024-05-10 03:59:27,"89,700","92,000"
2024-05-10 06:24:49,"89,900","92,200"
2024-05-10 07:11:19,"90,100","92,400"
2024-05-11 01:36:00,"89,200","91,700"
2024-05-11 02:39:40,"88,800","91,300"
2024-05-13 01:28:14,"85,500","88,500"
2024-05-13 03:03:33,"85,800","88,800"
2024-05-13 03:13:54,"86,000","89,000"
2024-05-13 03:19:48,"86,500","89,500"
2024-05-13 03:33:07,"87,500","90,000"
2024-05-13 04:27:16,"88,000","90,500"
2024-05-13 07:15:09,"87,500","90,000"
2024-05-14 01:23:50,"86,000","89,000"
2024-05-15 01:25:53,"87,300","89,800"
2024-05-15 03:28:20,"87,500","90,000"
2024-05-15 03:28:31,"87,500","90,000"
2024-05-15 08:29:51,"87,700","90,200"
2024-05-16 01:29:50,"87,900","90,400"
2024-05-16 02:16:37,"87,700","90,200"
2024-05-16 02:43:39,"87,500","90,000"
2024-05-17 01:32:43,"87,400","89,900"
2024-05-17 06:41:31,"87,500","90,000"
2024-05-18 01:26:53,"87,700","90,400"
2024-05-20 01:28:32,"88,400","90,400"
2024-05-20 01:39:48,"88,600","90,600"
2024-05-20 04:04:12,"88,700","90,700"
2024-05-20 04:19:27,"88,800","90,800"
2024-05-20 07:09:26,"88,900","90,900"
2024-05-20 07:53:09,"89,000","91,000"
2024-05-21 01:31:17,"88,800","90,800"
2024-05-21 01:54:24,"88,700","90,700"
2024-05-21 02:08:50,"88,500","90,500"
2024-05-21 07:42:20,"88,600","90,600"
2024-05-21 08:41:16,"88,700","90,700"
2024-05-21 09:48:57,"88,400","90,400"
2024-05-22 01:24:53,"88,900","90,900"
2024-05-23 01:30:51,"88,000","90,000"
2024-05-23 01:55:16,"87,800","89,800"
2024-05-24 01:18:46,"87,500","89,500"
2024-05-25 01:22:18,"87,500","89,500"
2024-05-27 01:27:01,"87,600","89,600"
2024-05-27 02:55:09,"87,700","89,700"
2024-05-27 06:57:25,"87,800","89,800"
2024-05-27 08:34:24,"87,900","89,900"
2024-05-28 01:28:35,"88,400","90,400"
2024-05-28 03:20:53,"88,500","90,500"
2024-05-29 01:15:04,"88,900","90,900"
2024-05-29 07:31:34,"88,800","90,800"
2024-05-29 07:31:41,"88,800","90,800"
2024-05-29 07:51:55,"88,600","90,600"
2024-05-29 09:00:38,"88,300","90,300"
2024-05-30 01:42:33,"84,500","88,000"
2024-05-30 04:14:53,"86,000","88,500"
2024-05-30 08:10:36,"86,300","88,800"
2024-05-31 01:32:46,"85,800","88,800"
2024-05-31 02:07:17,"85,600","88,600"
2024-05-31 02:27:17,"85,400","88,400"
2024-05-31 02:36:39,"84,500","88,000"
2024-05-31 03:44:52,"84,200","87,700"
2024-05-31 04:22:07,"84,000","87,500"
2024-05-31 07:20:05,"83,000","87,000"
2024-05-31 17:00:00,"83,000","87,000"
2024-06-01 01:28:38,"82,000","85,000"
2024-06-01 03:37:45,"81,500","84,500"
2024-06-01 04:13:57,"81,000","84,000"
2024-06-01 07:03:23,"81,000","83,500"
2024-06-01 10:02:12,"81,000","83,000"
2024-06-03 01:29:40,"80,000","82,500"
2024-06-03 01:53:36,"80,000","82,000"
2024-06-03 02:01:16,"79,000","81,000"
2024-06-03 07:28:57,"77,980","79,980"
2024-06-04 01:50:31,"77,980","79,980"
2024-06-04 03:20:11,"77,480","78,980"
2024-06-05 01:30:01,"76,980","78,980"
2024-06-05 03:01:27,"76,480","77,980"
2024-06-05 08:23:31,"76,780","77,980"
2024-06-06 01:28:20,"76,480","77,980"
2024-06-06 01:54:07,"75,980","77,980"
2024-06-06 03:02:23,"74,980","76,980"
2024-06-07 01:40:17,"74,980","76,980"
2024-06-10 01:22:38,"74,980","76,980"
2024-06-11 01:35:59,"74,980","76,980"
2024-06-12 01:31:30,"74,980","76,980"
2024-06-13 01:29:37,"74,980","76,980"
2024-06-14 01:32:31,"74,980","76,980"
2024-06-17 01:37:59,"74,980","76,980"
2024-06-18 01:41:13,"74,980","76,980"
2024-06-19 01:26:20,"74,980","76,980"
2024-06-20 01:45:18,"74,980","76,980"
2024-06-21 01:25:35,"74,980","76,980"
2024-06-24 01:37:26,"74,980","76,980"
2024-06-25 01:30:58,"74,980","76,980"
2024-06-26 01:34:22,"74,980","76,980"
2024-06-27 01:23:32,"74,980","76,980"
2024-06-28 01:24:12,"74,980","76,980"
2024-06-30 17:00:00,"74,980","76,980"
2024-07-01 01:25:13,"74,980","76,980"
2024-07-02 01:28:43,"74,980","76,980"
2024-07-03 01:28:58,"74,980","76,980"
2024-07-04 01:36:07,"74,980","76,980"
2024-07-05 01:18:35,"74,980","76,980"
2024-07-08 01:05:46,"74,980","76,980"
2024-07-09 01:28:31,"74,980","76,980"
2024-07-10 01:23:37,"74,980","76,980"
2024-07-11 01:33:00,"74,980","76,980"
2024-07-12 01:52:57,"75,480","76,980"
2024-07-15 01:32:38,"75,480","76,980"
2024-07-16 01:22:24,"75,480","76,980"
2024-07-17 01:38:02,"75,480","76,980"
2024-07-17 02:10:22,"75,980","76,980"
2024-07-18 01:01:22,0,0
2024-07-18 01:45:23,79,80
2024-07-18 01:45:58,"78,500","80,000"
2024-07-19 01:19:59,"78,500","80,000"
2024-07-20 01:25:02,"78,000","80,000"
2024-07-22 01:13:15,"78,000","80,000"
2024-07-23 01:09:57,"77,500","79,500"
2024-07-24 01:08:32,"77,500","79,500"
2024-07-25 01:17:32,"77,500","79,500"
2024-07-26 02:22:37,"77,500","79,500"
2024-07-27 01:29:17,"77,500","79,500"
2024-07-29 01:27:51,"77,500","79,500"
2024-07-30 01:14:39,"77,000","79,000"
2024-07-31 01:21:19,"77,000","79,000"
2024-07-31 17:00:00,"77,000","79,000"
2024-08-01 01:21:05,"77,800","79,800"
2024-08-02 01:07:23,"77,800","79,800"
2024-08-02 02:48:45,"78,300","79,800"
2024-08-03 01:15:51,"78,300","79,800"
2024-08-05 01:12:33,"78,300","79,800"
2024-08-06 00:59:55,"77,000","79,000"
2024-08-07 00:56:15,"77,000","79,000"
2024-08-07 01:10:06,"77,000","79,000"
2024-08-08 01:01:14,"76,500","78,500"
2024-08-09 01:00:16,"76,500","78,500"
2024-08-12 01:06:42,"76,500","78,500"
2024-08-13 00:52:26,"78,000","80,000"
2024-08-14 01:06:54,"78,000","80,000"
2024-08-15 01:04:59,"78,000","80,000"
2024-08-16 01:11:57,"78,000","80,000"
2024-08-16 01:13:25,"78,000","80,000"
2024-08-19 01:27:06,"78,000","80,000"
2024-08-20 01:12:11,"79,000","81,000"
2024-08-21 01:03:33,"79,000","81,000"
2024-08-22 01:10:10,"79,000","81,000"
2024-08-23 01:11:51,"79,000","81,000"
2024-08-23 01:16:15,"79,000","81,000"
2024-08-26 01:19:52,"79,000","81,000"
2024-08-27 01:23:41,"79,000","81,000"
2024-08-28 01:23:55,"79,000","81,000"
2024-08-29 01:17:06,"79,000","81,000"
2024-08-30 01:29:11,"79,000","81,000"
2024-08-31 17:00:00,"79,000","81,000"
2024-09-04 01:11:34,"79,000","81,000"
2024-09-05 01:12:27,"78,500","80,500"
2024-09-06 01:19:19,"78,500","80,500"
2024-09-09 01:20:01,"78,500","80,500"
2024-09-10 02:20:35,"78,500","80,500"
2024-09-11 01:18:27,"78,500","80,500"
2024-09-12 01:31:57,"78,500","80,500"
2024-09-17 00:59:38,"80,000","82,000"
2024-09-17 01:34:15,"78,500","80,500"
2024-09-17 01:36:00,"80,000","82,000"
2024-09-18 01:18:54,"80,000","82,000"
2024-09-19 01:04:58,"79,800","81,800"
2024-09-30 17:00:00,"79,800","81,800"
2024-10-08 09:57:37,"83,000","85,000"
2024-10-09 08:56:55,"83,000","85,000"
2024-10-10 09:41:48,"82,500","84,500"
2024-10-11 01:36:59,"82,500","84,500"
2024-10-12 01:38:47,"82,500","84,500"
2024-10-14 01:24:28,"83,000","85,000"
2024-10-15 01:30:08,"83,000","85,000"
2024-10-16 01:21:17,"84,000","86,000"
2024-10-18 01:25:44,"84,000","86,000"
2024-10-19 01:30:04,"84,000","86,000"
2024-10-21 01:05:28,"86,000","88,000"
2024-10-22 01:26:48,"86,000","88,000"
2024-10-22 01:29:10,"87,000","89,000"
2024-10-23 01:55:49,"87,000","89,000"
2024-10-23 07:01:08,"87,000","89,000"
2024-10-24 01:36:23,"87,000","89,000"
2024-10-25 01:22:52,"87,000","89,000"
2024-10-28 01:29:53,"87,000","89,000"
2024-10-29 01:27:11,"87,000","89,000"
2024-10-30 01:26:10,"87,000","89,000"
2024-10-30 07:45:35,"88,000","90,000"
2024-10-31 01:23:45,"88,000","90,000"
2024-10-31 17:00:00,"88,000","90,000"
2024-11-01 01:24:07,"87,500","89,500"
2024-11-04 01:01:45,"87,000","89,000"
2024-11-05 01:17:55,"87,000","89,000"
2024-11-06 01:28:04,"87,000","89,000"
2024-11-07 01:16:52,"85,500","87,500"
2024-11-07 01:42:36,"85,000","87,500"
2024-11-07 02:27:20,"84,500","87,500"
2024-11-07 02:33:19,"84,000","87,000"
2024-11-07 03:42:06,"83,500","87,000"
2024-11-07 03:43:45,"83,500","87,000"
2024-11-07 03:47:10,"83,000","87,000"
2024-11-07 06:25:00,"82,000","87,000"
2024-11-07 06:32:10,"82,000","86,500"
2024-11-07 06:37:18,"82,000","86,500"
2024-11-07 07:07:46,"81,000","85,500"
2024-11-08 01:29:55,"82,000","86,500"
2024-11-08 06:58:57,"82,000","86,000"
2024-11-09 00:41:41,"82,000","85,800"
2024-11-11 01:24:45,"82,000","85,500"
2024-11-11 03:06:12,"81,900","85,400"
2024-11-12 01:23:02,"80,600","84,100"
2024-11-12 03:18:08,"81,000","84,500"
2024-11-12 03:22:08,"80,800","84,300"
2024-11-12 06:34:08,"80,600","84,100"
2024-11-12 09:28:34,"80,500","84,000"
2024-11-13 01:18:29,"80,500","84,000"
2024-11-14 01:20:30,"80,000","83,500"
2024-11-15 01:22:56,"80,000","83,500"
2024-11-18 01:19:18,"80,300","83,800"
2024-11-18 01:26:10,"80,500","84,000"
2024-11-18 01:27:20,"81,000","84,000"
2024-11-19 01:20:57,"81,700","84,700"
2024-11-19 02:55:12,"82,000","85,000"
2024-11-20 01:23:04,"82,700","85,700"
2024-11-21 01:08:12,"83,700","86,200"
2024-11-22 01:15:40,"84,500","86,500"
2024-11-22 02:48:36,"84,700","86,700"
2024-11-22 08:17:04,"85,000","87,000"
2024-11-25 01:12:15,"85,000","87,000"
2024-11-25 03:28:24,"84,800","86,800"
2024-11-25 06:32:04,"84,600","86,600"
2024-11-26 01:17:15,"82,800","85,300"
2024-11-26 08:38:32,"82,700","85,200"
2024-11-27 01:24:32,"82,800","85,300"
2024-11-27 06:27:40,"83,000","85,500"
2024-11-28 01:27:43,"82,800","85,300"
2024-11-28 06:57:55,"82,900","85,400"
2024-11-29 01:06:11,"82,900","85,400"
2024-11-29 01:47:39,"83,100","85,600"
2024-11-29 02:35:58,"83,300","85,800"
2024-11-30 17:00:00,"83,300","85,800"
2024-12-02 01:11:26,"82,800","85,300"
2024-12-03 01:25:26,"82,800","85,300"
2024-12-03 06:37:10,"83,000","85,500"
2024-12-04 01:32:58,"83,000","85,500"
2024-12-05 01:12:08,"83,000","85,500"
2024-12-06 01:16:02,"82,300","84,800"
2024-12-06 03:05:45,"82,500","85,000"
2024-12-06 06:51:08,"82,700","85,200"
2024-12-09 01:25:20,"82,700","85,200"
2024-12-10 01:23:32,"83,100","85,600"
2024-12-10 02:12:47,"83,600","85,600"
2024-12-11 01:44:11,"84,600","87,100"
2024-12-11 07:24:03,"84,400","86,900"
2024-12-12 01:28:03,"84,800","87,300"
2024-12-12 02:39:47,"84,600","87,100"
2024-12-13 01:30:32,"83,900","86,400"
2024-12-13 09:39:37,"83,800","86,300"
2024-12-16 01:25:16,"82,600","85,100"
2024-12-17 01:24:50,"82,600","85,100"
2024-12-18 01:25:13,"82,600","85,100"
2024-12-18 02:27:50,"83,100","85,100"
2024-12-19 01:25:04,"81,900","83,900"
2024-12-19 01:56:55,"82,100","84,100"
2024-12-20 01:20:14,"81,600","83,600"
2024-12-20 06:31:47,"81,800","83,800"
2024-12-23 01:32:36,"82,300","84,300"
2024-12-23 07:04:49,"82,500","84,500"
2024-12-24 01:22:34,"82,300","84,300"
2024-12-25 01:32:08,"82,300","84,300"
2024-12-26 01:17:47,"82,500","84,500"
2024-12-27 01:20:59,"82,700","84,700"
2024-12-30 01:22:36,"82,500","84,500"
2024-12-31 01:30:21,"82,200","84,200"
2024-12-31 17:00:00,"82,200","84,200"
2025-01-02 01:27:25,"83,300","84,800"
2025-01-02 02:23:49,"83,500","85,000"
2025-01-03 01:10:49,"84,000","85,500"
2025-01-06 01:23:31,"84,000","85,500"
2025-01-06 06:31:08,"83,500","85,000"
2025-01-07 01:17:18,"83,500","85,000"
2025-01-07 06:33:40,"83,800","85,300"
2025-01-08 01:21:32,"84,000","85,500"
2025-01-09 01:20:57,"84,500","86,000"
2025-01-10 01:28:50,"84,500","86,000"
2025-01-10 06:43:22,"84,700","86,200"
2025-01-11 01:12:00,"84,800","86,800"
2025-01-13 01:20:32,"84,600","86,600"
2025-01-13 02:57:12,"84,800","86,800"
2025-01-14 01:26:03,"84,400","86,400"
2025-01-15 01:23:55,"84,400","86,400"
2025-01-15 06:28:48,"84,600","86,600"
2025-01-16 01:20:20,"85,000","87,000"
2025-01-17 01:27:47,"85,300","87,300"
2025-01-18 00:57:41,"84,900","86,900"
2025-01-20 01:20:30,"84,700","86,700"
2025-01-20 03:48:15,"84,900","86,900"
2025-01-21 01:18:37,"85,000","87,000"
2025-01-21 01:46:25,"85,200","87,200"
2025-01-21 03:15:17,"85,400","87,400"
2025-01-21 07:36:27,"85,500","87,500"
2025-01-21 07:52:52,"85,700","87,700"
2025-01-21 08:39:30,"85,500","87,500"
2025-01-22 01:24:20,"86,000","88,000"
2025-01-22 06:44:42,"86,200","88,200"
2025-01-23 01:15:21,"86,400","88,400"
2025-01-23 09:41:43,"86,100","88,100"
2025-01-24 01:24:47,"86,500","88,500"
2025-01-24 02:51:19,"86,900","88,900"
2025-01-24 08:34:30,"86,800","88,800"
2025-01-31 17:00:00,"86,800","88,800"
2025-02-03 01:41:12,"87,300","89,300"
2025-02-03 07:33:46,"87,500","89,500"
2025-02-03 08:36:32,"87,800","89,800"
2025-02-04 01:16:17,"87,800","90,300"
2025-02-04 01:37:05,"88,100","90,600"
2025-02-04 07:35:14,"87,800","90,300"
2025-02-04 08:44:02,"87,600","90,100"
2025-02-05 01:25:17,"88,000","91,000"
2025-02-06 01:34:53,"88,200","91,200"
2025-02-06 02:27:21,"88,000","91,000"
2025-02-06 03:13:24,"87,700","90,700"
2025-02-06 03:27:13,"87,700","90,700"
2025-02-06 04:40:58,"87,700","90,700"
2025-02-06 06:29:12,"87,200","90,400"
2025-02-06 06:54:44,"86,900","90,100"
2025-02-06 07:58:34,"86,700","89,900"
2025-02-06 08:41:24,"86,400","89,600"
2025-02-06 23:32:24,"86,400","89,900"
2025-02-06 23:34:12,"86,500","90,000"
2025-02-07 01:58:06,"86,800","90,300"
2025-02-07 01:58:47,"86,800","90,300"
2025-02-08 02:13:13,"86,800","90,300"
2025-02-10 01:28:12,"87,300","90,300"
2025-02-10 02:36:22,"87,500","90,500"
2025-02-10 06:31:42,"87,800","90,800"
2025-02-10 06:49:48,"88,300","91,300"
2025-02-11 01:25:15,"89,800","92,800"
2025-02-11 02:17:41,"90,100","93,100"
2025-02-11 02:40:22,"89,400","92,400"
2025-02-11 02:40:50,"89,300","92,300"
2025-02-11 03:15:03,"89,000","92,000"
2025-02-11 03:57:18,"88,700","91,200"
2025-02-11 06:51:11,"88,400","90,900"
2025-02-11 08:18:26,"88,200","90,700"
2025-02-11 09:40:56,"88,000","90,500"
2025-02-12 01:21:14,"86,700","90,200"
2025-02-13 01:28:26,"87,400","90,400"
2025-02-13 03:39:36,"87,700","90,700"
2025-02-14 01:16:09,"88,300","91,300"
2025-02-15 01:18:14,"87,300","90,300"
2025-02-17 01:27:16,"87,300","90,300"
2025-02-17 01:36:16,"87,600","90,600"
2025-02-18 01:27:03,"88,300","90,800"
2025-02-18 03:48:26,"88,600","91,100"
2025-02-19 01:28:09,"89,400","91,700"
2025-02-19 02:00:27,"89,700","92,000"
2025-02-19 02:52:16,"89,300","91,600"
2025-02-19 06:31:28,"89,600","91,900"
2025-02-20 01:28:57,"89,800","92,100"
2025-02-20 07:40:59,"90,000","92,300"
2025-02-21 01:25:14,"90,000","92,300"
2025-02-21 03:09:58,"89,700","92,000"
2025-02-21 08:16:44,"89,400","91,700"
2025-02-22 01:20:37,"89,400","91,700"
2025-02-24 01:30:42,"89,200","91,500"
2025-02-24 02:44:19,"89,500","91,800"
2025-02-24 03:44:54,"89,700","92,000"
2025-02-25 01:22:37,"90,000","92,300"
2025-02-25 04:03:51,"89,700","92,000"
2025-02-26 01:31:54,"89,400","91,700"
2025-02-26 02:23:05,"89,200","91,500"
2025-02-26 06:41:27,"89,000","91,300"
2025-02-27 01:23:58,"89,200","91,500"
2025-02-27 02:57:31,"88,900","91,200"
2025-02-28 01:31:00,"88,900","90,900"
2025-02-28 04:13:11,"88,500","90,500"
2025-02-28 17:00:00,"88,500","90,500"
2025-03-01 01:25:47,"88,300","90,300"
2025-03-01 01:30:53,"88,500","90,500"
2025-03-03 01:29:33,"89,000","91,000"
2025-03-04 01:29:58,"89,600","91,600"
2025-03-04 07:31:19,"90,000","92,000"
2025-03-04 07:33:57,"90,100","92,100"
2025-03-04 09:33:44,"90,700","92,700"
2025-03-05 01:25:05,"90,700","92,700"
2025-03-06 01:36:30,"90,700","92,700"
2025-03-06 02:04:34,"91,000","93,000"
2025-03-06 08:44:41,"90,700","92,700"
2025-03-07 01:36:59,"90,700","92,700"
2025-03-07 08:01:13,"90,900","92,900"
2025-03-07 09:14:45,"91,100","93,100"
2025-03-08 01:24:33,"90,900","92,900"
2025-03-10 01:24:19,"91,100","93,100"
2025-03-10 08:30:46,"90,900","92,900"
2025-03-11 01:22:43,"90,600","92,600"
2025-03-11 02:26:15,"90,800","92,800"
2025-03-11 09:20:21,"91,000","93,000"
2025-03-12 01:33:19,"91,000","93,000"
2025-03-12 01:49:27,"91,600","93,300"
2025-03-12 05:10:56,"91,600","93,300"
2025-03-12 06:13:36,"91,800","93,500"
2025-03-13 01:18:00,"92,500","94,200"
2025-03-13 03:04:08,"92,900","94,400"
2025-03-14 01:31:47,"94,100","95,600"
2025-03-14 04:13:17,"94,300","95,800"
2025-03-15 01:09:37,"94,300","95,800"
2025-03-17 01:25:20,"94,800","96,100"
2025-03-18 01:24:57,"95,400","96,900"
2025-03-18 02:54:18,"95,700","97,200"
2025-03-18 06:25:33,"96,100","97,600"
2025-03-18 07:12:51,"96,400","97,900"
2025-03-18 08:27:06,"96,700","98,200"
2025-03-19 01:28:22,"97,100","98,600"
2025-03-19 02:04:08,"97,600","99,100"
2025-03-19 03:41:05,"97,900","99,400"
2025-03-19 06:23:45,"98,300","99,800"
2025-03-19 09:20:03,"98,000","99,500"
2025-03-20 01:24:47,"98,600","100,400"
2025-03-20 06:31:32,"98,100","100,100"
2025-03-20 07:15:43,"97,800","99,800"
2025-03-21 01:25:58,"97,800","99,800"
2025-03-21 02:07:43,"97,500","99,500"
2025-03-21 03:25:10,"97,200","99,200"
2025-03-21 04:12:08,"96,400","98,900"
2025-03-21 06:06:36,"96,100","98,600"
2025-03-21 06:52:47,"95,400","98,200"
2025-03-21 07:28:25,"95,100","97,900"
2025-03-21 07:30:49,"94,900","97,700"
2025-03-21 07:31:35,"94,700","97,700"
2025-03-22 01:16:05,"94,400","97,400"
2025-03-24 01:14:48,"94,400","97,400"
2025-03-24 08:05:20,"9,510","97,600"
2025-03-24 08:06:18,"95,100","97,600"
2025-03-25 01:24:54,"94,900","97,400"
2025-03-25 03:41:01,"95,600","97,600"
2025-03-25 08:39:33,"95,900","97,900"
2025-03-26 01:02:29,"95,900","97,900"
2025-03-26 01:59:09,"96,500","98,200"
2025-03-26 07:55:28,"96,700","98,400"
2025-03-27 01:13:14,"96,700","98,400"
2025-03-27 06:14:26,"97,200","98,700"
2025-03-27 08:19:19,"97,400","98,900"
2025-03-28 01:07:44,"98,200","99,900"
2025-03-28 01:56:48,"98,400","100,400"
2025-03-28 06:07:36,"98,700","100,700"
2025-03-28 08:33:28,"98,400","100,400"
2025-03-28 08:58:31,"98,200","100,200"
2025-03-29 00:58:24,"98,400","100,700"
2025-03-31 01:11:18,"98,700","100,700"
2025-03-31 01:37:03,"99,200","101,200"
2025-03-31 02:23:18,"99,500","101,500"
2025-03-31 02:33:04,"99,200","101,500"
2025-03-31 06:08:05,"99,500","101,800"
2025-03-31 17:00:00,"99,500","101,800"
2025-04-01 01:07:53,"99,800","102,100"
2025-04-01 02:06:13,"100,000","102,300"
2025-04-01 02:10:20,"100,000","102,300"
2025-04-01 02:19:18,"100,300","102,600"
2025-04-01 03:16:15,"99,900","102,600"
2025-04-01 06:03:37,"99,400","102,100"
2025-04-02 01:10:40,"99,400","102,100"
2025-04-02 06:05:34,"99,100","101,800"
2025-04-03 01:14:53,"99,800","102,500"
2025-04-03 01:39:15,"100,100","102,800"
2025-04-03 02:54:06,"99,700","102,400"
2025-04-03 06:06:08,"99,700","102,200"
2025-04-03 06:06:33,"99,500","102,200"
2025-04-04 01:11:28,"99,400","101,900"
2025-04-04 02:47:42,"99,000","101,500"
2025-04-04 08:17:53,"98,800","101,300"
2025-04-05 01:16:08,"97,100","100,100"
2025-04-08 01:12:49,"96,500","99,500"
2025-04-08 02:52:22,"97,300","99,800"
2025-04-08 06:38:00,"97,700","100,200"
2025-04-09 01:12:20,"97,400","99,600"
2025-04-09 01:33:12,"98,000","100,200"
2025-04-09 02:17:56,"98,300","100,500"
2025-04-09 06:09:30,"98,800","101,000"
2025-04-09 06:34:36,"99,300","101,500"
2025-04-09 07:00:06,"99,700","101,900"
2025-04-10 01:03:40,"100,400","103,400"
2025-04-10 02:25:30,"100,900","103,900"
2025-04-10 08:33:10,"100,600","103,600"
2025-04-11 01:06:48,"103,400","106,400"
2025-04-11 06:08:49,"102,700","105,700"
2025-04-11 07:52:23,"102,200","105,200"
2025-04-12 01:15:07,"102,900","105,900"
2025-04-12 01:39:21,"102,800","106,200"
2025-04-12 01:40:54,"102,700","106,200"
2025-04-12 03:39:40,"103,000","106,500"
2025-04-14 01:31:21,"104,500","107,000"
2025-04-14 06:30:46,"105,000","107,500"
2025-04-15 01:21:42,"105,000","107,500"
2025-04-15 02:09:45,"105,200","107,700"
2025-04-15 04:17:55,"105,500","108,000"
2025-04-16 01:31:26,"106,800","109,800"
2025-04-16 02:37:20,"108,500","111,000"
2025-04-16 06:13:52,"110,900","113,400"
2025-04-16 06:34:42,"111,400","113,900"
2025-04-16 07:30:09,"112,000","114,500"
2025-04-16 08:02:34,"112,500","115,000"
2025-04-16 08:16:33,"113,000","115,500"
2025-04-17 01:24:21,"115,500","118,000"
2025-04-18 01:22:50,"117,000","120,000"
2025-04-19 01:20:45,"117,000","120,000"
2025-04-19 01:33:40,"113,500","117,500"
2025-04-19 02:24:53,"115,000","119,000"
2025-04-19 03:14:36,"112,500","116,500"
2025-04-19 03:15:21,"113,000","117,000"
2025-04-19 03:33:47,"111,000","115,000"
2025-04-19 05:08:48,"112,000","114,000"
2025-04-21 01:25:04,"115,000","117,000"
2025-04-21 02:32:33,"116,000","118,000"
2025-04-22 01:26:19,"119,000","121,000"
2025-04-22 02:37:15,"120,500","122,500"
2025-04-22 06:23:14,"122,000","124,000"
2025-04-23 01:39:19,"120,000","122,000"
2025-04-23 03:38:56,"118,500","121,000"
2025-04-23 06:14:02,"118,000","120,500"
2025-04-23 06:57:47,"117,500","120,000"
2025-04-23 07:20:35,"116,500","119,500"
2025-04-24 01:33:56,"118,500","121,500"
2025-04-24 02:04:05,"119,000","121,500"
2025-04-24 03:53:19,"118,500","121,000"
2025-04-25 01:31:01,"119,500","121,500"
2025-04-25 06:03:26,"118,000","120,000"
2025-04-25 07:21:08,"118,500","120,500"
2025-04-26 01:16:01,"118,500","120,500"
2025-04-26 02:21:06,"119,000","121,000"
2025-04-28 01:28:47,"118,500","120,500"
2025-04-28 02:10:48,"118,000","120,000"
2025-04-28 03:53:16,"117,500","119,500"
2025-04-28 04:10:58,"117,500","119,500"
2025-04-28 04:11:14,"117,500","119,500"
2025-04-28 04:12:11,"117,500","119,501"
2025-04-28 04:12:24,"117,500","119,500"
2025-04-29 01:28:16,"118,800","120,800"
2025-04-29 03:00:04,"119,300","121,300"
2025-04-30 17:00:00,"119,300","121,300"
2025-05-05 01:24:06,"117,800","119,800"
2025-05-05 04:08:46,"118,300","120,300"
2025-05-05 08:23:01,"117,800","119,800"
2025-05-06 01:21:30,"120,800","122,800"
2025-05-06 02:09:07,"121,300","123,300"
2025-05-06 03:05:03,"120,800","122,800"
2025-05-06 08:13:38,"120,500","122,500"
2025-05-06 08:41:39,"120,200","122,200"
2025-05-07 01:26:39,"120,700","122,700"
2025-05-07 03:20:59,"120,500","122,500"
2025-05-07 03:21:24,"120,200","122,200"
2025-05-07 04:07:49,"119,700","121,700"
2025-05-07 07:17:39,"120,300","122,200"
2025-05-07 07:18:07,"120,200","122,200"
2025-05-08 01:30:34,"120,200","122,200"
2025-05-08 02:20:13,"120,700","122,700"
2025-05-08 06:04:43,"119,700","121,700"
2025-05-08 06:34:26,"119,000","121,000"
2025-05-08 06:43:01,"118,500","120,500"
2025-05-09 01:23:29,"118,000","120,000"
2025-05-09 01:48:47,"117,500","119,500"
2025-05-09 03:02:32,"118,200","120,200"
2025-05-09 06:29:41,"118,700","120,700"
2025-05-09 07:59:36,"119,500","121,500"
2025-05-10 01:30:02,"120,000","122,000"
2025-05-12 01:29:01,"119,000","121,000"
2025-05-12 07:28:29,"118,000","120,000"
2025-05-12 09:48:56,"117,200","119,200"
2025-05-13 01:27:24,"117,500","119,500"
2025-05-13 02:34:40,"118,000","120,000"
2025-05-13 06:15:03,"118,500","120,500"
2025-05-14 01:29:27,"118,500","120,500"
2025-05-14 01:32:54,"118,500","120,500"
2025-05-14 02:28:01,"118,000","120,000"
2025-05-15 01:29:53,"117,400","119,400"
2025-05-15 02:12:35,"117,100","119,100"
2025-05-15 02:28:44,"116,600","118,900"
2025-05-15 03:38:05,"116,400","118,900"
2025-05-15 06:04:01,"115,500","118,200"
2025-05-16 01:30:43,"118,500","120,800"
2025-05-16 02:46:42,"118,200","120,500"
2025-05-16 02:50:47,"117,700","120,200"
2025-05-16 03:04:51,"117,500","120,000"
2025-05-16 03:05:32,"117,300","120,000"
2025-05-16 06:03:18,"117,000","119,700"
2025-05-16 06:38:24,"116,500","119,200"
2025-05-16 07:21:12,"116,000","119,000"
2025-05-16 08:16:48,"115,700","118,700"
2025-05-17 01:27:39,"115,500","118,500"
2025-05-19 01:18:53,"116,800","119,300"
2025-05-20 01:29:37,"116,800","119,300"
2025-05-21 01:30:36,"118,000","120,500"
2025-05-21 03:49:05,"118,500","121,000"
2025-05-22 01:29:24,"119,300","121,300"
2025-05-22 06:03:50,"118,800","120,800"
2025-05-22 08:28:25,"118,500","120,500"
2025-05-23 01:25:22,"118,000","120,000"
2025-05-23 06:04:10,"118,500","120,500"
2025-05-24 01:30:05,"119,500","121,500"
2025-05-24 01:54:08,"119,000","121,000"
2025-05-26 01:32:29,"117,000","120,000"
2025-05-26 06:59:19,"117,000","119,500"
2025-05-26 07:25:22,"116,500","119,000"
2025-05-27 01:27:52,"116,500","119,000"
2025-05-27 06:08:32,"116,300","118,800"
2025-05-27 07:27:37,"115,800","118,300"
2025-05-27 11:38:45,"115,500","118,000"
2025-05-28 01:29:24,"115,800","118,300"
2025-05-28 07:59:27,"116,200","118,700"
2025-05-29 01:30:53,"114,700","117,200"
2025-05-29 02:15:38,"115,000","117,500"
2025-05-29 03:46:21,"115,500","118,000"
2025-05-30 01:26:21,"116,500","119,000"
2025-05-30 02:36:22,"116,000","118,500"
2025-05-31 01:32:47,"115,700","118,200"
2025-05-31 17:00:00,"115,700","118,200"
2025-06-02 01:26:29,"116,000","118,500"
2025-06-02 01:58:37,"116,000","118,000"
2025-06-02 02:27:30,"115,500","117,500"
2025-06-02 03:48:54,"115,000","117,000"
2025-06-02 06:09:40,"115,500","117,500"
2025-06-02 06:54:32,"115,800","117,800"
2025-06-03 01:30:03,"116,000","118,000"
2025-06-03 06:46:35,"115,500","117,500"
2025-06-03 08:31:21,"114,900","117,200"
2025-06-04 01:35:24,"114,900","117,200"
2025-06-05 01:32:03,"115,400","117,700"
2025-06-06 01:28:51,"116,000","118,000"
2025-06-07 01:29:03,"114,900","117,200"
2025-06-09 01:39:03,"115,200","117,200"
2025-06-09 06:59:30,"115,700","117,700"
2025-06-10 01:23:57,"115,700","117,700"
2025-06-10 06:06:29,"116,000","118,000"
2025-06-10 07:58:21,"116,500","118,500"
2025-06-11 01:31:54,"116,800","118,800"
2025-06-12 01:35:26,"117,700","119,700"
2025-06-12 01:41:09,"117,200","119,700"
2025-06-12 01:48:21,"117,700","119,700"
2025-06-12 07:46:20,"117,200","119,200"
2025-06-12 08:09:03,"117,000","119,000"
2025-06-13 01:30:58,"118,500","120,500"
2025-06-13 02:34:10,"117,700","120,200"
2025-06-13 07:12:57,"117,500","120,000"
2025-06-14 01:29:31,"117,800","120,300"
2025-06-16 01:28:05,"118,500","120,500"
2025-06-16 03:06:43,"118,200","120,200"
2025-06-16 06:09:10,"117,600","119,600"
2025-06-17 01:32:42,"117,300","119,300"
2025-06-17 02:10:19,"117,600","119,600"
2025-06-18 01:31:04,"117,600","119,600"
2025-06-19 01:29:35,"117,600","119,600"
2025-06-19 06:06:48,"117,400","119,400"
2025-06-20 01:30:50,"117,400","119,400"
2025-06-21 01:32:36,"117,700","119,700"
2025-06-23 01:27:08,"117,700","119,700"
2025-06-24 01:32:59,"117,700","119,700"
2025-06-24 06:09:24,"117,500","119,500"
2025-06-25 01:30:00,"117,500","119,500"
2025-06-26 01:26:56,"117,800","119,800"
2025-06-26 07:53:24,"118,000","120,000"
2025-06-27 01:26:49,"117,700","119,700"
2025-06-28 01:33:03,"117,200","119,200"
2025-06-30 01:27:29,"117,200","119,200"
2025-06-30 06:10:37,"117,500","119,200"
2025-06-30 06:11:43,"117,500","119,500"
2025-06-30 17:00:00,"117,500","119,500"
2025-07-01 01:28:22,"118,300","120,300"
2025-07-01 07:16:40,"118,700","120,700"
2025-07-02 01:29:06,"118,700","120,700"
2025-07-03 01:28:18,"118,900","120,900"
2025-07-03 06:08:32,"119,300","121,300"
2025-07-04 01:30:14,"118,900","120,900"
2025-07-05 01:20:07,"118,900","120,900"
2025-07-07 01:27:41,"118,500","120,500"
2025-07-08 01:29:06,"119,000","121,000"
2025-07-09 01:29:03,"118,600","120,600"
2025-07-10 01:29:38,"118,800","120,800"
2025-07-11 01:25:54,"118,800","120,800"
2025-07-11 03:40:09,"119,000","121,000"
2025-07-12 01:28:39,"119,500","121,500"
2025-07-14 01:28:03,"119,500","121,500"
2025-07-15 01:28:49,"119,100","121,100"
2025-07-16 01:29:17,"118,600","120,600"
2025-07-17 01:27:13,"118,600","120,600"
2025-07-18 01:20:04,"118,600","120,600"
2025-07-18 06:50:48,"119,500","121,000"
2025-07-19 04:08:20,"119,700","121,200"
2025-07-21 01:27:30,"119,700","121,200"
2025-07-21 06:04:42,"120,000","121,500"
2025-07-22 01:31:13,"120,000","122,000"
2025-07-23 01:30:39,"120,700","122,700"
2025-07-24 01:31:47,"120,000","122,000"
2025-07-24 06:44:27,"119,700","121,700"
2025-07-25 01:32:49,"119,700","121,700"
2025-07-26 01:27:00,"119,600","121,100"
2025-07-28 01:22:31,"119,600","121,100"
2025-07-29 01:30:09,"119,500","121,000"
2025-07-29 08:20:38,"119,700","121,200"
2025-07-30 01:36:34,"120,000","121,500"
2025-07-31 01:35:38,"119,700","121,200"
2025-07-31 06:21:31,"119,900","121,400"
2025-07-31 17:00:00,"119,900","121,400"
2025-08-01 01:22:43,"119,900","121,400"
2025-08-02 01:26:21,"121,300","123,300"
2025-08-02 01:26:57,"121,500","123,500"
2025-08-04 01:23:43,"121,700","123,300"
2025-08-05 01:21:47,"122,200","123,800"
2025-08-06 01:22:59,"122,200","123,800"
2025-08-06 03:12:59,"122,400","123,800"
2025-08-07 01:21:23,"122,400","123,800"
2025-08-07 07:45:39,"122,700","124,100"
2025-08-07 09:02:21,"122,400","123,800"
2025-08-08 01:26:53,"122,600","124,000"
2025-08-08 08:22:53,"123,200","124,400"
2025-08-09 01:15:40,"123,200","124,400"
2025-08-11 01:31:20,"122,700","123,900"
2025-08-12 01:28:09,"122,700","123,900"
2025-08-13 01:21:46,"122,700","123,900"
2025-08-13 06:52:22,"123,000","124,200"
2025-08-14 01:23:05,"123,500","124,700"
2025-08-14 02:04:09,"123,700","124,700"
2025-08-15 01:14:32,"123,500","124,500"
2025-08-16 01:17:44,"123,500","124,500"
2025-08-18 01:12:03,"123,700","124,700"
2025-08-18 03:43:30,"124,000","125,000"
2025-08-19 01:03:59,"124,000","125,000"
2025-08-20 01:22:24,"123,800","124,800"
2025-08-21 01:32:09,"124,400","125,400"
2025-08-22 01:16:06,"124,400","125,400"
2025-08-23 01:16:10,"125,600","126,600"
2025-08-25 01:16:01,"125,900","126,900"
2025-08-25 07:10:09,"125,600","127,100"
2025-08-26 01:30:56,"126,100","127,700"
2025-08-26 09:53:01,"125,700","127,700"
2025-08-27 01:24:03,"126,000","128,000"
2025-08-28 01:30:32,"126,700","128,200"
2025-08-28 07:42:17,"127,000","128,500"
2025-08-29 01:21:23,"127,400","128,900"
2025-08-29 06:04:35,"127,800","129,300"
2025-08-30 01:30:20,"129,100","130,600"
2025-08-31 17:00:00,"129,100","130,600"
2025-09-03 01:29:39,"131,900","133,400"
2025-09-04 01:21:38,"132,400","133,900"
2025-09-05 01:32:05,"132,900","134,400"
2025-09-06 01:27:03,"133,900","135,400"
2025-09-08 01:21:41,"133,100","135,100"
2025-09-09 01:15:08,"133,800","135,800"
2025-09-10 01:21:39,"133,300","135,300"
2025-09-11 01:17:54,"133,300","135,300"
2025-09-11 03:26:27,"133,000","135,000"
2025-09-11 03:41:06,"132,500","135,000"
2025-09-11 03:43:14,"132,300","134,800"
2025-09-11 06:09:48,"131,300","134,300"
2025-09-11 07:49:02,"130,900","133,900"
2025-09-11 09:12:40,"130,500","133,500"
2025-09-11 09:24:53,"130,300","133,300"
2025-09-12 01:24:07,"129,500","132,800"
2025-09-12 02:20:32,"129,000","132,600"
2025-09-12 02:29:16,"128,400","132,400"
2025-09-12 04:29:48,"128,400","131,900"
2025-09-12 06:18:37,"128,400","131,400"
2025-09-13 01:28:10,"128,100","131,100"
2025-09-15 01:23:48,"128,400","131,100"
2025-09-15 06:10:27,"128,600","131,100"
2025-09-16 01:27:19,"130,000","132,000"
2025-09-16 06:50:36,"130,300","132,300"
2025-09-17 01:28:25,"130,300","132,300"
2025-09-18 01:27:35,"130,000","132,000"
2025-09-18 06:25:39,"129,700","131,700"
2025-09-18 09:18:12,"130,000","132,000"
2025-09-19 01:27:38,"130,000","132,000"
2025-09-20 01:27:50,"131,000","133,000"
2025-09-22 01:22:58,"131,000","133,000"
2025-09-22 06:34:56,"131,300","133,300"
2025-09-22 06:40:40,"131,500","133,500"
2025-09-22 06:41:06,"131,500","133,500"
2025-09-22 06:42:17,"131,600","133,600"
2025-09-23 01:25:26,"132,600","134,600"
2025-09-23 08:46:50,"133,000","135,000"
2025-09-24 01:28:14,"132,800","134,800"
2025-09-24 06:20:46,"133,100","135,100"
2025-09-25 01:22:41,"132,500","134,500"
2025-09-26 01:19:39,"132,500","134,500"
2025-09-27 01:25:42,"133,000","135,000"
2025-09-29 01:21:26,"133,500","135,500"
2025-09-29 03:35:50,"134,000","136,000"
2025-09-29 06:16:09,"134,500","136,500"
2025-09-30 01:29:44,"135,300","137,300"
2025-09-30 06:14:12,"135,800","137,800"
2025-09-30 08:18:41,"135,300","137,300"
2025-09-30 08:38:14,"134,800","136,800"
2025-09-30 17:00:00,"134,800","136,800"
2025-10-01 01:19:11,"136,000","138,000"
2025-10-01 08:04:58,"136,400","138,400"
2025-10-02 01:30:37,"136,000","138,000"
2025-10-03 01:22:29,"135,800","137,800"
2025-10-04 01:25:24,"136,600","138,600"
2025-10-06 01:23:59,"137,100","139,100"
2025-10-06 02:16:40,"137,600","139,600"
2025-10-06 07:59:34,"138,100","140,100"
2025-10-07 01:27:23,"138,600","140,600"
2025-10-08 01:24:01,"139,400","141,400"
2025-10-08 02:38:21,"139,900","141,900"
2025-10-08 06:11:32,"140,500","142,500"
2025-10-09 01:31:22,"140,500","142,500"
2025-10-10 01:19:03,"139,900","141,900"
2025-10-10 04:27:24,"139,400","141,400"
2025-10-10 06:45:48,"139,400","141,400"
2025-10-10 08:21:54,"140,200","142,200"
2025-10-11 00:18:46,"140,800","142,800"
2025-10-13 01:15:46,"141,600","143,600"
2025-10-13 06:02:34,"142,100","144,100"
2025-10-14 01:20:19,"144,900","146,400"
2025-10-14 06:10:34,"144,600","146,100"
2025-10-14 06:21:05,"144,100","145,600"
2025-10-14 06:22:17,"143,600","145,600"
2025-10-14 07:20:58,"144,100","146,100"
2025-10-15 01:25:07,"145,300","147,300"
2025-10-15 02:11:50,"145,600","147,600"
2025-10-15 06:51:19,"146,000","148,000"
2025-10-16 01:26:46,"146,600","148,600"
2025-10-16 02:53:34,"147,100","149,100"
2025-10-17 01:30:53,"150,200","152,200"
2025-10-17 01:43:31,"150,700","152,200"
2025-10-17 01:49:00,"149,400","150,900"
2025-10-17 02:39:59,"150,700","152,200"
2025-10-17 03:57:46,"151,500","153,000"
2025-10-18 01:28:51,"149,500","151,000"
2025-10-20 01:19:10,"150,000","151,000"
2025-10-20 03:02:20,"150,500","151,500"
2025-10-20 06:09:53,"150,000","151,000"
2025-10-20 07:48:00,"150,500","151,500"
2025-10-21 01:23:33,"153,600","154,600"
2025-10-21 06:10:14,"152,900","153,900"
2025-10-21 07:43:39,"152,500","153,500"
2025-10-21 08:31:32,"151,500","152,500"
2025-10-22 01:25:12,"146,500","148,500"
2025-10-22 03:51:23,"147,300","149,300"
2025-10-22 06:47:35,"147,800","149,800"
2025-10-22 08:55:06,"146,600","148,600"
2025-10-23 01:22:11,"146,600","148,600"
2025-10-23 06:07:38,"147,500","149,500"
2025-10-24 01:24:03,"147,800","149,800"
2025-10-24 06:08:15,"146,800","148,800"
2025-10-24 08:14:16,"146,500","148,500"
2025-10-25 01:17:34,"147,200","149,200"
2025-10-27 01:19:26,"146,900","148,900"
2025-10-27 01:20:01,"147,400","148,900"
2025-10-27 09:08:00,"146,900","148,400"
2025-10-28 01:21:33,"145,700","147,200"
2025-10-28 03:02:57,"145,100","146,600"
2025-10-28 06:59:57,"143,500","145,500"
2025-10-28 08:37:51,"143,100","145,100"
2025-10-29 01:23:02,"144,900","146,900"
2025-10-29 07:16:55,"145,500","147,500"
2025-10-29 09:07:56,"146,100","148,100"
2025-10-30 01:24:54,"144,600","146,600"
2025-10-30 09:08:53,"145,800","147,800"
2025-10-31 01:28:20,"146,900","148,900"
2025-10-31 04:12:37,"145,800","147,800"
2025-10-31 06:11:51,"146,400","148,400"
2025-11-30 17:00:00,"152,900","154,900"
2025-12-01 01:25:15,"153,200","155,200"
2025-12-01 02:03:15,"153,700","155,700"
2025-12-01 03:53:32,"153,200","155,200"
2025-12-02 01:24:56,"152,600","154,600"
2025-12-02 06:07:44,"153,000","155,000"
2025-12-02 06:30:35,"152,500","154,500"
2025-12-03 01:25:22,"152,800","154,800"
2025-12-03 06:05:54,"152,500","154,500"
2025-12-04 01:27:53,"152,500","154,500"
2025-12-04 06:07:29,"151,800","153,800"
2025-12-05 01:34:10,"152,200","154,200"
2025-12-05 06:14:28,"152,900","154,900"
2025-12-06 01:04:48,"152,200","154,200"
2025-12-08 01:26:31,"152,500","154,500"
2025-12-09 01:21:15,"152,200","154,200"
2025-12-09 06:21:44,"151,700","153,700"
2025-12-10 01:24:26,"152,700","154,700"
2025-12-11 01:26:34,"153,100","155,100"
2025-12-11 03:28:52,"152,500","154,500"
2025-12-12 01:23:09,"153,600","155,600"
2025-12-13 01:31:17,"154,300","156,300"
2025-12-15 01:23:08,"154,300","156,300"
2025-12-15 01:48:44,"154,800","156,800"
2025-12-15 06:07:07,"155,200","157,200"
2025-12-16 01:24:38,"154,200","156,200"
2025-12-16 03:23:38,"153,600","155,600"
2025-12-17 01:29:52,"154,200","156,200"
2025-12-18 01:28:23,"154,400","156,400"
2025-12-19 01:20:41,"154,400","156,400"
2025-12-20 00:48:43,"154,600","156,600"
2025-12-22 01:27:05,"155,200","157,200"
2025-12-22 01:28:36,"155,100","157,100"
2025-12-22 03:39:08,"155,500","157,500"
2025-12-23 01:33:18,"157,000","159,000"
2025-12-24 01:25:31,"157,800","159,800"
2025-12-24 03:19:50,"157,200","159,200"
2025-12-25 01:33:46,"156,800","158,800"
2025-12-26 01:26:04,"157,600","159,600"
2025-12-26 01:49:49,"157,200","159,200"
2025-12-26 06:49:18,"157,400","159,400"
2025-12-27 00:28:59,"157,700","159,700"
2025-12-29 01:31:15,"156,800","158,800"
2025-12-29 06:57:09,"156,000","158,000"
2025-12-29 07:07:10,"155,700","157,700"
2025-12-29 07:35:55,"156,000","158,000"
2025-12-30 01:15:45,"152,200","154,200"
2025-12-30 04:02:12,"152,700","154,700"
2025-12-31 01:29:26,"152,400","154,400"
2025-12-31 06:10:24,"150,800","152,800"
2025-12-31 17:00:00,"150,800","152,800"
2026-01-05 01:18:10,"154,200","156,200"
2026-01-05 06:19:51,"154,800","156,800"
2026-01-05 08:22:14,"155,100","157,100"
2026-01-06 01:23:44,"155,400","157,400"
2026-01-06 02:19:57,"156,000","158,000"
2026-01-07 01:28:09,"156,600","158,600"
2026-01-07 06:16:48,"156,100","158,100"
2026-01-08 01:27:14,"156,100","158,100"
2026-01-08 06:07:05,"155,200","157,200"
2026-01-09 01:32:06,"156,300","158,300"
2026-01-10 01:37:00,"157,800","159,800"
2026-01-12 01:14:35,"160,000","162,000"
2026-01-13 01:24:13,"160,000","162,000"
2026-01-14 01:23:10,"160,900","162,900"
2026-01-14 07:02:29,"161,500","163,500"
2026-01-15 01:29:54,"160,800","162,800"
2026-01-16 01:26:01,"160,800","162,800"
2026-01-17 01:23:00,"160,800","162,800"
