Date,3M,6M,9M,1Y,15M,18M,21M,2Y,27M,30M,33M,3Y,5Y,7Y,10Y,15Y,20Y,30Y
8/18/2026,0.06672,0.06984,0.07176,0.0707,0.07089,0.07109,0.07124,0.0717,0.07193,0.07232,0.07247,0.07263,0.07797,0.07868,0.08007,0.08137,0.08225,0.08292
8/17/2026,0.06672,0.0687,0.07082,0.0707,0.07089,0.07109,0.07124,0.0717,0.07193,0.07232,0.07247,0.07263,0.07807,0.0787,0.08012,0.08137,0.08225,0.08292
8/14/2026,0.06777,0.0746,0.07291,0.07279,0.07298,0.07318,0.07333,0.07379,0.07402,0.07441,0.07456,0.07472,0.08005,0.08071,0.08192,0.08342,0.08434,0.08501
8/13/2026,0.06743,0.0746,0.07291,0.07279,0.07298,0.07318,0.07333,0.07379,0.07402,0.07441,0.07456,0.07472,0.08016,0.08074,0.08191,0.08342,0.08434,0.08501
8/12/2026,0.0676,0.0746,0.07385,0.07279,0.07298,0.07318,0.07333,0.07379,0.07402,0.07441,0.07456,0.07472,0.08002,0.08066,0.08191,0.08342,0.08434,0.08501
8/11/2026,0.06803,0.0746,0.07385,0.07279,0.07298,0.07318,0.07333,0.07379,0.07402,0.07441,0.07456,0.07472,0.08013,0.08078,0.08198,0.08354,0.08446,0.08513
8/10/2026,0.06803,0.0746,0.07385,0.07283,0.07298,0.07318,0.07333,0.07379,0.07402,0.07441,0.07456,0.07472,0.08013,0.08075,0.08196,0.08354,0.08446,0.08513
8/7/2026,0.06817,0.0746,0.07385,0.07283,0.07298,0.07318,0.07333,0.07379,0.07402,0.07441,0.07456,0.07472,0.08003,0.08073,0.08195,0.08354,0.08446,0.08513
8/6/2026,0.06803,0.0746,0.07385,0.07283,0.07298,0.07318,0.07333,0.07379,0.07402,0.07441,0.07456,0.07472,0.08,0.08066,0.08192,0.08354,0.08442,0.08508
8/5/2026,0.0662,0.07263,0.07188,0.07086,0.07101,0.07121,0.07136,0.07182,0.07205,0.07244,0.07259,0.07275,0.0781,0.07871,0.08,0.08166,0.0825,0.08316
8/4/2026,0.06569,0.07263,0.07011,0.07086,0.07101,0.07121,0.07136,0.07182,0.07205,0.07244,0.07259,0.07275,0.07814,0.07871,0.08004,0.08166,0.0825,0.08316
8/3/2026,0.06582,0.07263,0.07011,0.07086,0.07101,0.07121,0.07136,0.07182,0.07205,0.07244,0.07259,0.07275,0.07809,0.07863,0.08002,0.08166,0.0825,0.08316
7/31/2026,0.06569,0.07263,0.07011,0.07086,0.07101,0.07121,0.07136,0.07182,0.07205,0.07244,0.07259,0.07275,0.07847,0.07902,0.08043,0.08211,0.08291,0.08357
7/30/2026,0.06532,0.07263,0.06973,0.07044,0.07048,0.07071,0.07086,0.07136,0.07151,0.0719,0.07205,0.07213,0.07789,0.0784,0.07983,0.08145,0.08229,0.08295
7/29/2026,0.06519,0.07263,0.06973,0.07044,0.07048,0.07071,0.07086,0.07136,0.07151,0.0719,0.07205,0.07213,0.07785,0.07843,0.0798,0.08145,0.08229,0.08295
7/28/2026,0.06519,0.07263,0.06973,0.07044,0.07048,0.07071,0.07086,0.07136,0.07151,0.0719,0.07205,0.07213,0.07782,0.0784,0.07979,0.08145,0.08229,0.08295
7/27/2026,0.06519,0.07096,0.06934,0.07005,0.07009,0.07032,0.07048,0.07105,0.07121,0.07159,0.07175,0.07182,0.07753,0.07809,0.07948,0.08114,0.08198,0.08264
7/24/2026,0.06619,0.07096,0.06934,0.07005,0.07009,0.07032,0.07048,0.07105,0.07121,0.07159,0.07175,0.07182,0.07766,0.07827,0.07962,0.08135,0.08215,0.08281
7/23/2026,0.06634,0.06976,0.06934,0.07005,0.07009,0.07032,0.07048,0.07105,0.07121,0.07159,0.07175,0.07182,0.07768,0.07826,0.07966,0.08135,0.08215,0.08281
7/22/2026,0.06649,0.06976,0.06926,0.06998,0.07009,0.07032,0.07048,0.07105,0.07121,0.07159,0.07175,0.07182,0.07771,0.07827,0.07964,0.08135,0.08215,0.08281
7/21/2026,0.06663,0.07001,0.06934,0.07005,0.07009,0.07032,0.07048,0.07105,0.07121,0.07159,0.07175,0.07182,0.07801,0.07859,0.07998,0.08168,0.08248,0.08314
7/20/2026,0.06663,0.07001,0.06934,0.07005,0.07009,0.07032,0.07048,0.07105,0.07121,0.07159,0.07175,0.07182,0.07812,0.07869,0.08005,0.08181,0.08261,0.08327
7/17/2026,0.06649,0.07001,0.06934,0.07005,0.07009,0.07032,0.07048,0.07105,0.07121,0.07159,0.07175,0.07182,0.0781,0.0787,0.08008,0.08184,0.08261,0.08327
7/16/2026,0.06533,0.0686,0.06818,0.06889,0.06897,0.0692,0.06932,0.06989,0.07005,0.07043,0.07059,0.07066,0.0771,0.07763,0.07897,0.08073,0.0814,0.08207
7/15/2026,0.06547,0.06885,0.06818,0.06889,0.06897,0.0692,0.06932,0.06989,0.07005,0.07043,0.07059,0.07066,0.07701,0.07761,0.07895,0.08069,0.0814,0.08207
7/14/2026,0.06547,0.06885,0.06818,0.06889,0.06897,0.0692,0.06932,0.06989,0.07005,0.07043,0.07059,0.07066,0.07701,0.07761,0.07893,0.08069,0.08136,0.08207
7/13/2026,0.06647,0.06885,0.06818,0.06882,0.06897,0.0692,0.06932,0.06989,0.07005,0.07043,0.07059,0.07066,0.07701,0.07761,0.07893,0.08069,0.08136,0.08207
7/10/2026,0.06672,0.06885,0.0681,0.06874,0.06889,0.06912,0.06932,0.06982,0.06997,0.07035,0.07059,0.07066,0.07701,0.07759,0.07893,0.08069,0.08136,0.08207
7/9/2026,0.06672,0.06885,0.0681,0.06874,0.06889,0.06912,0.06932,0.06982,0.06997,0.07035,0.07059,0.07066,0.07701,0.07759,0.07892,0.08061,0.08111,0.0819
7/8/2026,0.06672,0.0686,0.0681,0.06874,0.06889,0.06912,0.06932,0.06982,0.06997,0.07035,0.07059,0.07066,0.07694,0.07754,0.07894,0.08069,0.08136,0.08207
7/7/2026,0.06572,0.06835,0.06759,0.06874,0.06889,0.06912,0.06932,0.06982,0.06997,0.07035,0.07059,0.07066,0.07692,0.07753,0.07894,0.08069,0.08136,0.08207
7/6/2026,0.06588,0.06897,0.06766,0.06882,0.06897,0.0692,0.06939,0.06989,0.07005,0.07043,0.07066,0.07074,0.077,0.07761,0.079,0.08075,0.08144,0.08215
7/3/2026,0.06641,0.0695,0.06804,0.06927,0.06942,0.06965,0.06977,0.07035,0.0705,0.07088,0.07104,0.07112,0.07738,0.07799,0.07937,0.08113,0.08182,0.08253
7/2/2026,0.06641,0.0697,0.06804,0.06927,0.06942,0.06965,0.06977,0.07035,0.0705,0.07088,0.07104,0.07112,0.07738,0.07799,0.0794,0.08115,0.08182,0.08253
7/1/2026,0.06628,0.0693,0.06804,0.06927,0.06942,0.06965,0.06977,0.07035,0.0705,0.07088,0.07104,0.07112,0.07742,0.07802,0.07939,0.08115,0.08182,0.08253
6/30/2026,0.06666,0.0695,0.06812,0.06927,0.06938,0.06969,0.06981,0.07038,0.07054,0.07092,0.07108,0.07115,0.07742,0.078,0.07939,0.08113,0.08181,0.08254
6/29/2026,0.06653,0.0693,0.06812,0.06927,0.06938,0.06969,0.06981,0.07038,0.07054,0.07092,0.07108,0.07115,0.07741,0.07795,0.07947,0.08124,0.08168,0.08239
6/26/2026,0.06639,0.06892,0.06796,0.06919,0.06938,0.06969,0.06981,0.07038,0.07054,0.07092,0.07108,0.07115,0.0774,0.07795,0.07944,0.08119,0.08168,0.08239
6/25/2026,0.06639,0.06858,0.06788,0.06919,0.06938,0.06969,0.06981,0.07038,0.07054,0.07092,0.07108,0.07115,0.07746,0.07807,0.07958,0.08134,0.08181,0.08252
6/24/2026,0.06639,0.06842,0.06788,0.06919,0.06938,0.06969,0.06981,0.07038,0.07054,0.07092,0.07108,0.07115,0.07746,0.07807,0.07957,0.08132,0.08181,0.08252
6/23/2026,0.06639,0.06842,0.06788,0.06919,0.06938,0.06969,0.06981,0.07038,0.07054,0.07092,0.07108,0.07115,0.07746,0.07807,0.07955,0.08128,0.08181,0.08252
6/22/2026,0.06639,0.06825,0.06781,0.06896,0.06908,0.06954,0.06965,0.07023,0.07038,0.07085,0.071,0.07108,0.07732,0.078,0.07951,0.08123,0.08174,0.08245
6/19/2026,0.06611,0.06808,0.06762,0.06908,0.06919,0.06958,0.06969,0.07027,0.07042,0.07081,0.07096,0.07104,0.07739,0.07796,0.0794,0.08116,0.0817,0.08241
6/18/2026,0.06628,0.06792,0.06754,0.069,0.06915,0.06954,0.06965,0.07023,0.07038,0.07077,0.07092,0.071,0.07732,0.07785,0.07935,0.0811,0.08158,0.08233
6/17/2026,0.06591,0.06792,0.06754,0.069,0.06915,0.06954,0.06965,0.07023,0.07038,0.07077,0.07092,0.071,0.07712,0.07757,0.0791,0.08101,0.0816,0.08237
6/16/2026,0.06553,0.06792,0.06754,0.069,0.06915,0.06954,0.06965,0.07023,0.07038,0.07077,0.07092,0.071,0.07712,0.07757,0.07908,0.08101,0.08143,0.08221
6/15/2026,0.06553,0.06775,0.06742,0.06873,0.06904,0.06915,0.0695,0.07008,0.07023,0.07054,0.07069,0.07077,0.07681,0.07728,0.07885,0.08078,0.08129,0.08206
6/12/2026,0.06553,0.0675,0.06765,0.06873,0.06904,0.06915,0.0695,0.07008,0.07023,0.07054,0.07069,0.07077,0.07681,0.07728,0.07882,0.08077,0.08129,0.08206
6/11/2026,0.06553,0.0675,0.06742,0.06865,0.06896,0.06908,0.06942,0.07,0.07015,0.07046,0.07062,0.07069,0.07677,0.07724,0.07878,0.0807,0.08121,0.08185
6/10/2026,0.06541,0.0675,0.06742,0.06865,0.06896,0.06908,0.06942,0.07,0.07015,0.07046,0.07062,0.07069,0.07673,0.07723,0.07884,0.08082,0.08128,0.08189
6/9/2026,0.06561,0.0668,0.06742,0.06869,0.06896,0.06908,0.06942,0.07,0.07015,0.07046,0.07062,0.07069,0.07675,0.0772,0.07885,0.08069,0.08131,0.08192
6/8/2026,0.06561,0.0672,0.06742,0.06869,0.06896,0.06908,0.06942,0.07,0.07015,0.07046,0.07062,0.07069,0.07675,0.0772,0.07881,0.08066,0.08127,0.08192
6/5/2026,0.06489,0.0668,0.06727,0.06846,0.06888,0.069,0.06935,0.06985,0.07008,0.07038,0.07054,0.07069,0.07678,0.07724,0.07884,0.08067,0.08127,0.08192
6/4/2026,0.06489,0.0668,0.06723,0.06846,0.06888,0.069,0.06935,0.06985,0.07008,0.07038,0.07054,0.07069,0.07682,0.07728,0.07888,0.08071,0.08131,0.08196
6/3/2026,0.06489,0.0669,0.06735,0.06862,0.06888,0.069,0.06935,0.06992,0.07008,0.07038,0.07062,0.07069,0.07688,0.07735,0.07892,0.08068,0.0814,0.08205
6/2/2026,0.06532,0.0673,0.06735,0.06823,0.06873,0.06885,0.06919,0.06969,0.06992,0.07023,0.07046,0.07062,0.07697,0.07744,0.079,0.08077,0.08116,0.08172
6/1/2026,0.08461,0.08695,0.08661,0.08757,0.08792,0.08803,0.08838,0.08896,0.08911,0.08942,0.08973,0.0898,0.09635,0.09683,0.09841,0.10016,0.10011,0.10082
5/29/2026,0.0839,0.08535,0.08611,0.08727,0.08761,0.08773,0.08807,0.08857,0.08873,0.08903,0.08934,0.08942,0.09595,0.09645,0.09794,0.09971,0.09955,0.10023
5/28/2026,0.08404,0.08495,0.08542,0.08634,0.08669,0.08688,0.08723,0.0878,0.08796,0.08834,0.08865,0.0888,0.0955,0.0958,0.09748,0.09924,0.0986,0.09927
5/27/2026,0.08433,0.08495,0.08534,0.08619,0.08653,0.08673,0.08715,0.08765,0.0878,0.08819,0.0885,0.08865,0.09485,0.09551,0.09667,0.09792,0.09843,0.09906
5/26/2026,0.08447,0.08475,0.08527,0.08619,0.08653,0.08673,0.08715,0.08765,0.0878,0.08819,0.0885,0.08865,0.09481,0.09548,0.09665,0.09792,0.09843,0.09906
5/25/2026,0.08369,0.08435,0.08519,0.08611,0.08653,0.08673,0.08707,0.08765,0.0878,0.08819,0.0885,0.08865,0.09481,0.09548,0.09665,0.09792,0.09843,0.09906
5/22/2026,0.08354,0.08435,0.08511,0.08603,0.08646,0.08665,0.087,0.08757,0.08773,0.08811,0.08842,0.08857,0.09468,0.0954,0.0966,0.09784,0.09831,0.09894
5/21/2026,0.08354,0.08415,0.08503,0.08596,0.08638,0.08657,0.08692,0.0875,0.08765,0.08803,0.08834,0.0885,0.09461,0.09533,0.09651,0.0977,0.09824,0.09887
5/20/2026,0.08354,0.08415,0.08511,0.08596,0.08638,0.08657,0.08692,0.0875,0.08765,0.08803,0.08834,0.0885,0.09459,0.09533,0.09644,0.09767,0.0982,0.09883
5/19/2026,0.0841,0.0834,0.08465,0.08596,0.08638,0.08657,0.08692,0.0875,0.08765,0.08803,0.08834,0.0885,0.0945,0.09532,0.0964,0.09756,0.09803,0.09866
5/18/2026,0.0841,0.0834,0.08465,0.08596,0.08638,0.08657,0.08692,0.0875,0.08765,0.08803,0.08834,0.0885,0.09446,0.09532,0.09644,0.09751,0.09803,0.09866
5/15/2026,0.0839,0.0834,0.08465,0.0858,0.08615,0.08634,0.08669,0.08727,0.08742,0.0878,0.08803,0.08819,0.09419,0.09501,0.09609,0.09719,0.09772,0.09835
5/14/2026,0.08386,0.08295,0.08465,0.08596,0.08638,0.08657,0.08692,0.0875,0.08765,0.08803,0.08834,0.0885,0.09444,0.09532,0.09643,0.0975,0.09803,0.09866
5/13/2026,0.08353,0.08315,0.08465,0.08596,0.08638,0.08657,0.08692,0.0875,0.08765,0.08803,0.08834,0.0885,0.09443,0.09529,0.09638,0.09748,0.09798,0.0986
5/12/2026,0.08336,0.08315,0.08465,0.08596,0.08638,0.08657,0.08692,0.0875,0.08765,0.08803,0.08834,0.0885,0.0945,0.09529,0.09636,0.09746,0.09798,0.0986
5/11/2026,0.08303,0.08335,0.08465,0.08596,0.08627,0.08646,0.0868,0.08738,0.08753,0.08792,0.08823,0.08838,0.09434,0.09517,0.09623,0.09734,0.09786,0.09848
5/8/2026,0.08319,0.08335,0.08465,0.08611,0.08634,0.08653,0.08688,0.08746,0.08761,0.088,0.0883,0.08846,0.09446,0.09525,0.09631,0.09742,0.09794,0.09856
5/7/2026,0.08353,0.08335,0.08465,0.08611,0.08634,0.08653,0.08688,0.08746,0.08761,0.088,0.0883,0.08846,0.09446,0.09525,0.09631,0.09733,0.09789,0.09852
5/6/2026,0.08369,0.08335,0.08465,0.08611,0.08634,0.08653,0.08688,0.08746,0.08761,0.088,0.0883,0.08846,0.09453,0.09525,0.09631,0.09731,0.09789,0.09852
5/5/2026,0.08369,0.08335,0.08465,0.08611,0.08634,0.08653,0.08688,0.08746,0.08761,0.088,0.0883,0.08846,0.09446,0.09525,0.09628,0.09731,0.09789,0.09852
5/4/2026,0.08386,0.08335,0.08465,0.08611,0.08634,0.08653,0.08688,0.08746,0.08761,0.088,0.0883,0.08846,0.09433,0.09509,0.09605,0.09714,0.09772,0.09847
4/29/2026,0.08386,0.08375,0.08465,0.08611,0.08634,0.08653,0.08688,0.08746,0.08761,0.088,0.0883,0.08846,0.09436,0.09509,0.09615,0.09714,0.09772,0.09847
4/28/2026,0.08386,0.08375,0.08465,0.08611,0.08634,0.08653,0.08688,0.08746,0.08761,0.088,0.0883,0.08846,0.09461,0.09534,0.09637,0.09738,0.09797,0.09872
4/24/2026,0.08419,0.08328,0.0849,0.08611,0.08634,0.08653,0.08688,0.08746,0.08761,0.088,0.0883,0.08853,0.09468,0.09541,0.09644,0.09745,0.09804,0.09879
4/23/2026,0.08419,0.08353,0.0849,0.08611,0.08634,0.08653,0.08688,0.08753,0.08769,0.08807,0.08838,0.08853,0.09472,0.09541,0.09644,0.09744,0.09804,0.09879
4/22/2026,0.08411,0.08353,0.0849,0.08615,0.08638,0.08657,0.08692,0.08757,0.08773,0.08811,0.08842,0.08857,0.09483,0.09552,0.09654,0.09752,0.09812,0.09879
4/21/2026,0.084,0.08315,0.0849,0.08615,0.08638,0.08657,0.08692,0.08757,0.08773,0.08811,0.08842,0.08857,0.09525,0.09594,0.09696,0.09794,0.0985,0.09917
4/20/2026,0.0835,0.08375,0.0849,0.08615,0.08638,0.08657,0.08692,0.08757,0.08773,0.08811,0.08842,0.08857,0.0949,0.0955,0.09654,0.09749,0.09812,0.09887
4/17/2026,0.0835,0.08375,0.0849,0.08615,0.08638,0.08657,0.08692,0.08757,0.08773,0.08811,0.08842,0.08857,0.0953,0.09586,0.09686,0.09788,0.0985,0.09925
4/16/2026,0.0835,0.08375,0.0849,0.08615,0.08638,0.08657,0.08692,0.08757,0.08773,0.08811,0.08842,0.08857,0.09518,0.09586,0.09685,0.09786,0.09849,0.09924
4/15/2026,0.0844,0.08375,0.0849,0.08623,0.08646,0.08657,0.087,0.08757,0.0878,0.08811,0.0885,0.08857,0.09528,0.09583,0.09682,0.0978,0.09849,0.09924
4/14/2026,0.0853,0.08415,0.0849,0.08638,0.08653,0.08673,0.08707,0.08773,0.08788,0.08827,0.08857,0.08873,0.09546,0.09602,0.09705,0.09799,0.0986,0.09944
4/13/2026,0.0854,0.08415,0.0849,0.08623,0.08638,0.08657,0.08692,0.08757,0.08773,0.08811,0.08842,0.08857,0.09528,0.09589,0.09691,0.09783,0.09844,0.09928
4/10/2026,0.0854,0.08495,0.0844,0.08623,0.08638,0.08657,0.08692,0.08757,0.08773,0.08811,0.08842,0.08857,0.09536,0.09589,0.09694,0.09783,0.09844,0.09928
4/9/2026,0.0847,0.08535,0.0844,0.08592,0.08611,0.0863,0.08669,0.08734,0.08742,0.0878,0.08811,0.08827,0.09502,0.0956,0.09657,0.09753,0.09814,0.09898
4/8/2026,0.0847,0.08565,0.0844,0.08592,0.08619,0.08638,0.08692,0.08757,0.08765,0.08796,0.08827,0.08842,0.0951,0.09572,0.09671,0.09768,0.09829,0.09913
4/7/2026,0.0847,0.08565,0.0844,0.08592,0.08619,0.08638,0.08692,0.08757,0.08765,0.08796,0.08827,0.08842,0.09514,0.09568,0.0967,0.09763,0.09829,0.09913
4/6/2026,0.0847,0.08575,0.0844,0.08561,0.08588,0.08615,0.08669,0.08719,0.08727,0.08757,0.08788,0.08803,0.09471,0.09529,0.09632,0.09721,0.0979,0.09874
4/3/2026,0.0847,0.08525,0.08365,0.08515,0.08534,0.08577,0.0863,0.08673,0.0868,0.08711,0.08734,0.0875,0.09426,0.09484,0.0958,0.09667,0.09745,0.09829
4/2/2026,0.0847,0.08585,0.08365,0.08519,0.08534,0.08577,0.0863,0.08673,0.0868,0.08711,0.08734,0.0875,0.09426,0.09479,0.09575,0.09667,0.09745,0.09829
4/1/2026,0.08415,0.08586,0.08365,0.0848,0.08511,0.08546,0.08623,0.08665,0.0868,0.08727,0.0875,0.08765,0.09434,0.09494,0.09593,0.09682,0.0976,0.09844
3/31/2026,0.08415,0.08569,0.08332,0.08519,0.08496,0.08546,0.08577,0.08627,0.08627,0.0865,0.08673,0.08688,0.09361,0.09417,0.09513,0.09605,0.09683,0.09767
3/30/2026,0.08415,0.08503,0.08332,0.08465,0.08427,0.08484,0.08492,0.0855,0.0855,0.08573,0.08596,0.08611,0.09287,0.0934,0.09431,0.09528,0.09606,0.0969
3/27/2026,0.08398,0.08453,0.08398,0.08442,0.08411,0.08469,0.08477,0.08534,0.08534,0.08557,0.0858,0.08596,0.09272,0.09325,0.09421,0.09513,0.09591,0.09675
3/26/2026,0.08365,0.08369,0.08365,0.08357,0.08319,0.08373,0.08403,0.08465,0.08465,0.08488,0.08511,0.08511,0.09194,0.0924,0.09324,0.09428,0.09506,0.09586
3/25/2026,0.08365,0.08369,0.08365,0.08373,0.08319,0.08373,0.08403,0.08465,0.08465,0.08488,0.08511,0.08511,0.09184,0.09215,0.09323,0.09428,0.09506,0.09561
3/24/2026,0.08365,0.08353,0.08332,0.0835,0.08296,0.0835,0.0838,0.08442,0.08442,0.08465,0.08488,0.08496,0.09165,0.09203,0.09317,0.09416,0.09494,0.09549
3/23/2026,0.08365,0.08294,0.08265,0.08292,0.08253,0.08307,0.08338,0.084,0.084,0.08423,0.08446,0.08453,0.0913,0.09173,0.09282,0.09389,0.09467,0.09522
3/20/2026,0.08365,0.08294,0.08265,0.08292,0.08253,0.08307,0.08338,0.084,0.084,0.08423,0.08446,0.08453,0.09127,0.09164,0.0929,0.09391,0.09469,0.09524
3/19/2026,0.08365,0.08294,0.08265,0.08292,0.08253,0.08307,0.08338,0.084,0.084,0.08423,0.08446,0.08453,0.09132,0.09159,0.09281,0.09391,0.09469,0.09524
3/18/2026,0.08365,0.08294,0.08232,0.08269,0.0823,0.08284,0.08315,0.08369,0.08369,0.08407,0.0843,0.08438,0.09125,0.09144,0.09269,0.09376,0.09454,0.09509
3/17/2026,0.08332,0.08294,0.08232,0.08269,0.0823,0.08284,0.08315,0.08369,0.08369,0.08407,0.0843,0.08438,0.09121,0.09144,0.09266,0.09376,0.09454,0.09509
3/16/2026,0.08365,0.08294,0.08232,0.08269,0.0823,0.08284,0.08315,0.08369,0.08369,0.08407,0.0843,0.08438,0.09156,0.09186,0.09311,0.09418,0.09496,0.09551
3/13/2026,0.08365,0.08294,0.08198,0.08261,0.08223,0.08277,0.08307,0.08369,0.08369,0.08407,0.0843,0.08438,0.09142,0.09188,0.09306,0.09418,0.09496,0.09551
3/12/2026,0.08365,0.08294,0.08198,0.08253,0.08215,0.08277,0.08307,0.08369,0.08369,0.08407,0.0843,0.08438,0.09142,0.09199,0.09338,0.09436,0.09517,0.09576
3/11/2026,0.08365,0.08244,0.08165,0.08253,0.08215,0.08277,0.08307,0.08369,0.08369,0.08407,0.0843,0.08438,0.09025,0.0911,0.0936,0.09459,0.09517,0.09575
3/10/2026,0.08365,0.08228,0.08165,0.0823,0.08192,0.08253,0.08284,0.08346,0.08346,0.08384,0.08407,0.08415,0.08998,0.09017,0.09335,0.09406,0.09494,0.09552
3/9/2026,0.08365,0.08244,0.08198,0.0823,0.08192,0.08253,0.08284,0.08346,0.08346,0.08384,0.08407,0.08415,0.09001,0.09038,0.09347,0.09422,0.09511,0.09569
3/6/2026,0.08332,0.08211,0.08098,0.08223,0.08184,0.08246,0.08277,0.08338,0.08338,0.08377,0.084,0.08407,0.09,0.09025,0.09345,0.09408,0.09528,0.09578
3/5/2026,0.08332,0.08211,0.08165,0.08223,0.08184,0.08246,0.08277,0.08338,0.08338,0.08377,0.084,0.08407,0.09,0.09025,0.09343,0.09408,0.09528,0.09578
3/4/2026,0.08365,0.08228,0.08165,0.082,0.08169,0.08223,0.08253,0.08307,0.08307,0.08346,0.08361,0.08369,0.08951,0.08985,0.09306,0.09368,0.0949,0.0954
3/3/2026,0.08365,0.08223,0.08061,0.08098,0.08161,0.08207,0.08238,0.08292,0.08292,0.08323,0.08346,0.08353,0.08935,0.08969,0.09286,0.09352,0.09474,0.09524
3/2/2026,0.08365,0.08207,0.08046,0.08032,0.0813,0.08169,0.08215,0.08269,0.08269,0.083,0.08338,0.0833,0.08938,0.08962,0.09274,0.0934,0.09413,0.09463
2/27/2026,0.08215,0.08035,0.0793,0.07998,0.08053,0.08092,0.0813,0.08169,0.08184,0.08207,0.08261,0.08269,0.08819,0.0888,0.09184,0.09275,0.09357,0.09407
2/26/2026,0.08145,0.08028,0.0793,0.07998,0.08053,0.08092,0.0813,0.08169,0.08184,0.08207,0.08261,0.08269,0.08819,0.08877,0.09184,0.09275,0.09357,0.09407
2/25/2026,0.08065,0.08028,0.0793,0.07998,0.08046,0.08084,0.08123,0.08161,0.08177,0.082,0.08253,0.08261,0.08803,0.08865,0.09173,0.0926,0.09349,0.09399
2/24/2026,0.08065,0.08028,0.07915,0.07998,0.08046,0.08084,0.08123,0.08161,0.08177,0.082,0.08253,0.08261,0.08807,0.08865,0.09173,0.0926,0.09349,0.09399
2/23/2026,0.08105,0.08028,0.07915,0.07998,0.08053,0.08092,0.0813,0.08169,0.08184,0.08207,0.08261,0.08269,0.08821,0.08875,0.09181,0.0927,0.09359,0.09409
2/13/2026,0.08105,0.07827,0.07982,0.07965,0.08046,0.08084,0.08123,0.08161,0.08177,0.082,0.08253,0.08261,0.08813,0.08867,0.09172,0.09262,0.09351,0.09401
2/12/2026,0.08105,0.07827,0.07982,0.07965,0.08046,0.08084,0.08123,0.08161,0.08177,0.082,0.08253,0.08261,0.08817,0.08867,0.09172,0.09262,0.09351,0.09401
2/11/2026,0.08265,0.07827,0.07982,0.07965,0.08046,0.08084,0.08123,0.08161,0.08177,0.082,0.08253,0.08261,0.0881,0.08867,0.09172,0.09262,0.09351,0.09401
2/10/2026,0.08465,0.0785,0.08082,0.07965,0.08061,0.081,0.08138,0.08177,0.08192,0.08215,0.08269,0.08277,0.08826,0.08876,0.09189,0.09277,0.09371,0.09421
2/9/2026,0.08485,0.0785,0.08082,0.0794,0.08061,0.081,0.08138,0.08177,0.08192,0.08215,0.08269,0.08277,0.08822,0.08898,0.09214,0.09299,0.09396,0.09446
2/6/2026,0.08505,0.07903,0.08048,0.0794,0.08069,0.08107,0.08153,0.08192,0.08215,0.08238,0.08292,0.08307,0.08803,0.08884,0.09225,0.09329,0.09426,0.09476
2/5/2026,0.08325,0.07842,0.08015,0.0794,0.08046,0.08084,0.08115,0.08153,0.08169,0.08192,0.08238,0.08246,0.08738,0.08823,0.09161,0.09268,0.09365,0.09415
2/4/2026,0.08265,0.07857,0.08032,0.0794,0.08057,0.08096,0.08127,0.08165,0.0818,0.08203,0.0825,0.08257,0.08741,0.08823,0.09161,0.09267,0.09368,0.09414
2/3/2026,0.08465,0.07853,0.08032,0.07965,0.08065,0.08096,0.08127,0.08165,0.08173,0.08196,0.08234,0.08242,0.08708,0.08814,0.0914,0.09259,0.09362,0.09408
2/2/2026,0.07965,0.0773,0.07915,0.08032,0.07938,0.07984,0.08015,0.08053,0.08061,0.08084,0.08123,0.0813,0.08596,0.08702,0.09028,0.09147,0.0925,0.09296
1/30/2026,0.07832,0.07684,0.07882,0.07865,0.07907,0.07961,0.07992,0.08038,0.08046,0.08069,0.08107,0.08123,0.08569,0.08661,0.09019,0.09145,0.09254,0.093
1/29/2026,0.07815,0.07684,0.07882,0.07865,0.07907,0.07961,0.07992,0.08038,0.08046,0.08069,0.08107,0.08123,0.08565,0.08661,0.09023,0.09145,0.09254,0.093
1/28/2026,0.07765,0.07684,0.07882,0.07861,0.079,0.07953,0.07984,0.0803,0.08038,0.08061,0.081,0.08115,0.08568,0.08653,0.0901,0.09137,0.09242,0.09288
1/27/2026,0.07715,0.07661,0.07882,0.07823,0.07861,0.07907,0.07953,0.08007,0.08015,0.08038,0.08084,0.081,0.0856,0.08647,0.09007,0.09131,0.09236,0.09282
1/26/2026,0.07708,0.07798,0.07882,0.07815,0.07861,0.07907,0.07953,0.08007,0.08015,0.08038,0.08084,0.081,0.08563,0.08647,0.09007,0.09131,0.09236,0.09282
1/23/2026,0.07665,0.0763,0.07848,0.07815,0.07861,0.07907,0.07953,0.08007,0.08015,0.08038,0.08084,0.081,0.08558,0.08652,0.09002,0.09128,0.09236,0.09282
1/22/2026,0.07579,0.0763,0.07848,0.07823,0.07861,0.07907,0.07953,0.08007,0.08015,0.08038,0.08084,0.081,0.08555,0.08641,0.09005,0.09123,0.09236,0.0929
1/21/2026,0.07579,0.07638,0.07848,0.07823,0.07869,0.07915,0.07961,0.08015,0.08023,0.08046,0.08092,0.08107,0.08557,0.08643,0.08991,0.09123,0.09243,0.09289
1/20/2026,0.07622,0.07642,0.07898,0.07834,0.0788,0.07927,0.07973,0.08027,0.08034,0.08057,0.08103,0.08119,0.08581,0.08632,0.09019,0.09165,0.09267,0.09313
1/19/2026,0.07703,0.07673,0.07898,0.07842,0.0788,0.07927,0.07973,0.08027,0.08034,0.08057,0.08103,0.08119,0.08612,0.08719,0.09109,0.09214,0.09273,0.09319
1/16/2026,0.0769,0.0765,0.07865,0.07819,0.07857,0.07903,0.07957,0.08003,0.08011,0.0805,0.08088,0.08111,0.08561,0.08636,0.09101,0.09206,0.09265,0.09311
1/15/2026,0.0769,0.0765,0.07965,0.07819,0.07857,0.07903,0.07957,0.08003,0.08011,0.0805,0.08088,0.08111,0.08544,0.08607,0.09081,0.09185,0.09244,0.0929
1/14/2026,0.07703,0.0768,0.07932,0.07803,0.07842,0.07888,0.0795,0.07996,0.08011,0.0805,0.08088,0.08111,0.08576,0.08619,0.09109,0.09214,0.09261,0.09307
1/13/2026,0.07603,0.07673,0.07898,0.07803,0.07842,0.07888,0.0795,0.07996,0.08011,0.0805,0.08088,0.08111,0.08535,0.08616,0.09128,0.0922,0.09276,0.09321
1/12/2026,0.07603,0.07673,0.07865,0.07803,0.07842,0.07888,0.0795,0.07996,0.08011,0.0805,0.08088,0.08111,0.08527,0.08616,0.09139,0.09231,0.09255,0.09301
1/10/2026,0.0759,0.07673,0.07742,0.07803,0.07842,0.07888,0.0795,0.07996,0.08011,0.0805,0.08088,0.08111,0.08499,0.08585,0.09115,0.09198,0.09226,0.09271
1/9/2026,0.0759,0.07673,0.07742,0.07803,0.07842,0.07888,0.0795,0.07996,0.08011,0.0805,0.08088,0.08111,0.08499,0.08585,0.09115,0.09198,0.09226,0.09271
1/8/2026,0.07665,0.07696,0.07765,0.07803,0.07842,0.07888,0.0795,0.07996,0.08011,0.0805,0.08088,0.08111,0.08466,0.08601,0.09167,0.09223,0.09219,0.09273
1/7/2026,0.07728,0.07703,0.07773,0.07819,0.07857,0.07903,0.07965,0.08011,0.08027,0.08065,0.08103,0.08142,0.08403,0.08608,0.09167,0.09249,0.09196,0.09252
1/6/2026,0.07728,0.07727,0.07773,0.0785,0.07888,0.07934,0.07988,0.08034,0.08042,0.0808,0.08103,0.08127,0.08322,0.08563,0.09121,0.09183,0.0919,0.09246
1/5/2026,0.07828,0.0775,0.07792,0.0788,0.07903,0.07957,0.08003,0.08042,0.08065,0.08096,0.08119,0.08142,0.08337,0.08578,0.0913,0.09198,0.09199,0.09257
12/31/2025,0.07865,0.07511,0.0759,0.07673,0.07727,0.07742,0.07788,0.0783,0.07869,0.07907,0.07946,0.07977,0.08204,0.08445,0.0899,0.09058,0.09063,0.09121
12/30/2025,0.07815,0.07511,0.0769,0.07673,0.07727,0.07742,0.07788,0.0783,0.07869,0.07907,0.07946,0.07977,0.08196,0.08445,0.08986,0.09053,0.09063,0.09121
12/29/2025,0.07815,0.07511,0.0769,0.07673,0.07727,0.07742,0.07788,0.0783,0.07869,0.07907,0.07946,0.07977,0.08196,0.08445,0.08986,0.09053,0.09058,0.09113
12/26/2025,0.0779,0.07511,0.07759,0.07657,0.07734,0.0775,0.07796,0.07838,0.07869,0.07907,0.07946,0.07977,0.08193,0.08449,0.08986,0.09052,0.09054,0.09108
12/25/2025,0.07798,0.07519,0.07734,0.07727,0.07727,0.0775,0.07796,0.07838,0.07877,0.07915,0.07953,0.07984,0.08192,0.08452,0.08989,0.09055,0.09049,0.09107
12/24/2025,0.07851,0.0745,0.07684,0.07634,0.07688,0.07703,0.0775,0.07792,0.0783,0.07869,0.07907,0.07938,0.08146,0.08403,0.08924,0.08987,0.08994,0.09049
12/23/2025,0.07794,0.07473,0.07659,0.07627,0.07642,0.07657,0.07703,0.07746,0.07792,0.07838,0.07892,0.07907,0.08115,0.08372,0.08893,0.08956,0.08963,0.09018
12/22/2025,0.07679,0.07442,0.07634,0.07588,0.07627,0.07642,0.07688,0.0773,0.07777,0.07815,0.07869,0.07884,0.08085,0.08349,0.08869,0.08933,0.0894,0.08995
12/19/2025,0.07608,0.07353,0.07496,0.07538,0.07588,0.07603,0.07642,0.077,0.07738,0.07769,0.07815,0.07838,0.08039,0.08303,0.08819,0.08884,0.08894,0.08949
12/18/2025,0.07579,0.07338,0.07446,0.07523,0.07573,0.07588,0.07627,0.07684,0.07723,0.07753,0.078,0.07823,0.08021,0.08286,0.08802,0.08876,0.08877,0.08934
12/17/2025,0.07579,0.07338,0.07446,0.0753,0.07573,0.07588,0.07627,0.07684,0.07723,0.07753,0.078,0.07823,0.08029,0.08289,0.08793,0.08865,0.08885,0.08942
12/16/2025,0.07551,0.0733,0.07446,0.07523,0.07565,0.0758,0.07619,0.07677,0.07715,0.07746,0.07792,0.07815,0.08028,0.08285,0.08787,0.08857,0.08877,0.08934
12/15/2025,0.07608,0.07361,0.07471,0.07553,0.07573,0.07603,0.07642,0.07684,0.07723,0.07753,0.078,0.07823,0.08022,0.08287,0.08791,0.08865,0.08885,0.08942
12/12/2025,0.07622,0.07361,0.07471,0.07553,0.07573,0.07603,0.07642,0.07677,0.07715,0.07746,0.07792,0.07807,0.07998,0.08258,0.08764,0.08841,0.08861,0.08914
12/11/2025,0.07622,0.07361,0.07471,0.07553,0.07573,0.07603,0.07642,0.07677,0.07715,0.07746,0.07792,0.07807,0.07998,0.08256,0.08767,0.08836,0.08848,0.08902
12/10/2025,0.07565,0.07346,0.07409,0.07538,0.07557,0.07588,0.07627,0.07661,0.077,0.0773,0.07777,0.07792,0.07973,0.08235,0.08725,0.08799,0.08821,0.08874
12/9/2025,0.07582,0.07296,0.07384,0.07542,0.07557,0.07588,0.07627,0.07661,0.077,0.0773,0.07777,0.07792,0.07973,0.08235,0.08725,0.08799,0.08817,0.0887
12/8/2025,0.07522,0.07261,0.07359,0.07492,0.07503,0.07534,0.0758,0.07623,0.07661,0.07692,0.07738,0.07777,0.07958,0.0822,0.0871,0.08779,0.08795,0.08849
12/5/2025,0.07394,0.07188,0.07396,0.07423,0.07403,0.0745,0.07496,0.07538,0.0758,0.07619,0.07657,0.07696,0.07883,0.08147,0.08637,0.08703,0.08716,0.08773
12/4/2025,0.07351,0.0718,0.07396,0.07384,0.07369,0.07407,0.07461,0.07503,0.07546,0.07577,0.07615,0.07653,0.07857,0.08102,0.08594,0.0866,0.08686,0.08743
12/3/2025,0.07365,0.0718,0.07371,0.07373,0.07369,0.07407,0.07461,0.07503,0.07546,0.07577,0.07615,0.07653,0.07858,0.0811,0.0861,0.08663,0.08675,0.08737
12/2/2025,0.07232,0.07096,0.0729,0.07334,0.07284,0.07323,0.07384,0.07427,0.07446,0.07484,0.07515,0.07546,0.07756,0.08005,0.08489,0.08546,0.08561,0.08622
12/1/2025,0.07148,0.06861,0.0719,0.07165,0.07123,0.07153,0.072,0.0725,0.07292,0.07323,0.07361,0.07392,0.07603,0.07859,0.08328,0.08395,0.0841,0.08468
11/28/2025,0.06994,0.06761,0.06919,0.07315,0.07046,0.07069,0.07115,0.07173,0.07196,0.07234,0.07265,0.07319,0.07534,0.07784,0.0824,0.08315,0.08331,0.08389
11/27/2025,0.0694,0.06761,0.06919,0.07285,0.07023,0.07046,0.07092,0.0715,0.07173,0.07219,0.07257,0.07311,0.07526,0.07776,0.08236,0.08294,0.08323,0.08381
11/26/2025,0.06986,0.06761,0.06919,0.07315,0.07023,0.07046,0.07092,0.0715,0.07173,0.07219,0.07257,0.07311,0.07526,0.07776,0.08205,0.08289,0.08323,0.08381
11/25/2025,0.06901,0.06746,0.069,0.07303,0.07,0.07023,0.07084,0.07146,0.07169,0.07219,0.07257,0.07311,0.07526,0.07776,0.08216,0.08289,0.08323,0.08381
11/24/2025,0.06815,0.06677,0.06838,0.07203,0.06946,0.06984,0.0703,0.07107,0.07123,0.07173,0.07219,0.0725,0.07465,0.07715,0.08157,0.08228,0.08262,0.0832
11/21/2025,0.06744,0.06653,0.06823,0.07153,0.06923,0.06969,0.07015,0.07092,0.07107,0.07157,0.07203,0.07234,0.07449,0.07699,0.08123,0.08212,0.08246,0.08304
11/20/2025,0.06672,0.06607,0.06769,0.0714,0.06853,0.06892,0.06923,0.07007,0.07023,0.07069,0.07115,0.07142,0.07361,0.07611,0.08053,0.08122,0.08153,0.08212
11/19/2025,0.06658,0.06607,0.06769,0.0714,0.06853,0.06892,0.06923,0.07007,0.07023,0.07069,0.07115,0.07142,0.07392,0.07648,0.08069,0.08157,0.08186,0.08244
11/18/2025,0.06658,0.06607,0.06769,0.0714,0.06853,0.06892,0.06923,0.07007,0.07023,0.07069,0.07115,0.07142,0.07392,0.07648,0.08069,0.08157,0.08186,0.08244
11/17/2025,0.06686,0.06611,0.06782,0.07103,0.06857,0.06896,0.06927,0.07007,0.07023,0.07069,0.07115,0.07111,0.07361,0.07617,0.08038,0.08121,0.08151,0.08211
11/14/2025,0.06648,0.06648,0.06782,0.07153,0.06857,0.06896,0.06927,0.07007,0.07023,0.07069,0.07115,0.07111,0.07358,0.07617,0.08036,0.08116,0.08151,0.08211
11/13/2025,0.06582,0.06648,0.06782,0.07153,0.06834,0.06873,0.06888,0.06969,0.06969,0.07023,0.07077,0.0708,0.07327,0.07586,0.08005,0.08085,0.08115,0.08176
11/12/2025,0.06545,0.06753,0.06782,0.07178,0.06842,0.0688,0.06896,0.06977,0.06977,0.0703,0.07084,0.07088,0.07333,0.07596,0.0801,0.08085,0.08113,0.08177
11/11/2025,0.06465,0.06728,0.06765,0.07178,0.06842,0.0688,0.06896,0.06961,0.06969,0.07019,0.07073,0.0708,0.07325,0.07588,0.07991,0.08072,0.08097,0.08161
11/10/2025,0.06405,0.06703,0.0684,0.07098,0.06834,0.06873,0.06888,0.06953,0.06961,0.07011,0.07065,0.07073,0.07314,0.07581,0.0799,0.08065,0.0809,0.08154
11/7/2025,0.06405,0.06653,0.0679,0.06792,0.06792,0.0683,0.06853,0.06911,0.06919,0.06973,0.07015,0.07023,0.07281,0.07547,0.07952,0.08023,0.08019,0.08088
11/6/2025,0.06425,0.06503,0.0679,0.07032,0.06823,0.06861,0.06884,0.06942,0.06957,0.07007,0.07053,0.07053,0.07313,0.07573,0.07983,0.08053,0.08051,0.0812
11/5/2025,0.06425,0.06603,0.0679,0.06803,0.068,0.06838,0.06861,0.06919,0.06934,0.06984,0.0703,0.0703,0.07286,0.07545,0.07953,0.08022,0.08024,0.08092
11/4/2025,0.06405,0.06603,0.0674,0.0678,0.06784,0.06823,0.06846,0.06903,0.06919,0.06977,0.07015,0.07023,0.07279,0.07538,0.07942,0.0801,0.08013,0.08081
11/3/2025,0.06405,0.06578,0.06715,0.06765,0.06777,0.06815,0.06838,0.06896,0.06911,0.06969,0.07007,0.07023,0.07279,0.07538,0.07937,0.08008,0.0801,0.08077
10/31/2025,0.06405,0.06578,0.0669,0.06727,0.0673,0.06769,0.068,0.06846,0.06869,0.06927,0.06969,0.07015,0.07271,0.0753,0.07927,0.08,0.08002,0.08069
10/30/2025,0.06405,0.06578,0.0674,0.0668,0.0673,0.06769,0.068,0.06846,0.06869,0.06927,0.06969,0.07015,0.07271,0.0753,0.07917,0.07988,0.07992,0.08057
10/29/2025,0.06451,0.0659,0.06538,0.06573,0.06646,0.067,0.0673,0.06784,0.06823,0.06873,0.06938,0.06992,0.07248,0.07507,0.07872,0.07955,0.07949,0.08013
10/28/2025,0.06465,0.0659,0.06538,0.06573,0.06646,0.067,0.0673,0.06784,0.06823,0.06873,0.06938,0.06992,0.07248,0.07507,0.07869,0.07954,0.07949,0.08013
10/27/2025,0.06498,0.06615,0.0653,0.06592,0.06669,0.06725,0.06761,0.06811,0.06853,0.06903,0.06971,0.07034,0.0729,0.07551,0.07913,0.07996,0.07979,0.08042
10/24/2025,0.06482,0.0659,0.06523,0.06557,0.06642,0.06707,0.06746,0.06792,0.06836,0.06894,0.06965,0.07034,0.0729,0.07548,0.07919,0.07991,0.07979,0.08042
10/23/2025,0.06482,0.06615,0.06527,0.06569,0.06642,0.06707,0.06746,0.06792,0.06836,0.06894,0.06965,0.07034,0.07294,0.07558,0.07931,0.07999,0.07987,0.08046
10/22/2025,0.06465,0.06665,0.06488,0.06542,0.0665,0.06715,0.06753,0.068,0.06844,0.06898,0.06977,0.07046,0.07306,0.07572,0.07916,0.07981,0.0799,0.08054
10/21/2025,0.06382,0.06528,0.06473,0.06542,0.0665,0.06715,0.06753,0.06792,0.06836,0.06882,0.06961,0.07023,0.07291,0.07565,0.07902,0.07965,0.07984,0.08048
10/20/2025,0.0639,0.06528,0.06473,0.06542,0.0665,0.06715,0.06753,0.06792,0.06836,0.06882,0.06961,0.07023,0.07291,0.07568,0.07898,0.07965,0.07984,0.08044
10/17/2025,0.06382,0.06528,0.06473,0.06542,0.0665,0.06715,0.06753,0.06792,0.06836,0.06882,0.06961,0.07023,0.07307,0.07581,0.07918,0.07976,0.07984,0.08047
10/16/2025,0.06357,0.06553,0.06457,0.06527,0.06592,0.06665,0.06703,0.06757,0.06809,0.06863,0.0695,0.07011,0.07302,0.07579,0.07897,0.07966,0.07979,0.08042
10/15/2025,0.0629,0.06457,0.06442,0.06477,0.06546,0.06623,0.06661,0.06723,0.06775,0.06817,0.06911,0.06965,0.07259,0.07533,0.07857,0.07928,0.07941,0.08
10/14/2025,0.0629,0.06415,0.06407,0.06453,0.0653,0.06603,0.0665,0.06723,0.06759,0.06802,0.06896,0.06957,0.07251,0.07524,0.07848,0.07915,0.07933,0.07992
10/13/2025,0.0629,0.06482,0.06407,0.06453,0.0653,0.06603,0.0665,0.06723,0.06759,0.06802,0.06896,0.06957,0.07251,0.07528,0.07849,0.0791,0.07925,0.07984
10/10/2025,0.0629,0.06405,0.06346,0.06415,0.06488,0.06553,0.066,0.06673,0.06709,0.06744,0.06838,0.06903,0.07197,0.07505,0.07787,0.07856,0.07866,0.07926
10/9/2025,0.0629,0.06405,0.06346,0.06415,0.06488,0.06553,0.066,0.06673,0.06709,0.06744,0.06838,0.06903,0.07192,0.07477,0.07773,0.07844,0.07854,0.07913
10/8/2025,0.06265,0.06405,0.06346,0.06415,0.06488,0.06553,0.066,0.06673,0.06709,0.06744,0.06838,0.06903,0.07168,0.07477,0.07747,0.07837,0.07843,0.07909
10/7/2025,0.06265,0.06385,0.06338,0.06415,0.06488,0.06553,0.066,0.06673,0.06709,0.06744,0.06838,0.06903,0.07172,0.07475,0.07756,0.07832,0.07839,0.07909
10/6/2025,0.06265,0.06385,0.06338,0.06415,0.06488,0.06553,0.066,0.06673,0.06709,0.06744,0.06838,0.06903,0.07168,0.07477,0.07761,0.07832,0.07839,0.07909
10/3/2025,0.06265,0.06385,0.06323,0.06415,0.06484,0.06546,0.06592,0.06657,0.06694,0.06728,0.06815,0.0688,0.07145,0.07461,0.07719,0.07809,0.07816,0.07886
10/2/2025,0.06265,0.06439,0.06323,0.06415,0.06484,0.06546,0.06592,0.06657,0.06694,0.06728,0.06815,0.0688,0.07145,0.07459,0.07731,0.07804,0.07816,0.07886
10/1/2025,0.06265,0.06385,0.063,0.06396,0.06465,0.06527,0.06573,0.06638,0.06675,0.06709,0.06796,0.06869,0.07136,0.07454,0.07701,0.07788,0.07806,0.07892
9/30/2025,0.0627,0.06365,0.06288,0.06373,0.06442,0.06503,0.06542,0.06615,0.06652,0.06686,0.06773,0.06853,0.07116,0.07433,0.07682,0.07767,0.0779,0.07876
9/29/2025,0.06215,0.0634,0.06273,0.06369,0.06442,0.06503,0.06542,0.06615,0.06652,0.06686,0.06773,0.06853,0.07118,0.07433,0.07682,0.07762,0.0779,0.07876
9/26/2025,0.06215,0.0634,0.06242,0.06369,0.06419,0.0648,0.06503,0.06569,0.06613,0.06648,0.06734,0.06815,0.0708,0.07395,0.07643,0.07722,0.07752,0.07838
9/25/2025,0.06215,0.0634,0.06242,0.06369,0.06419,0.0648,0.06503,0.06569,0.06613,0.06648,0.06734,0.06815,0.07057,0.07396,0.07636,0.07716,0.0775,0.07838
9/24/2025,0.06215,0.06332,0.06234,0.0635,0.06411,0.06457,0.06496,0.06553,0.06613,0.06648,0.06734,0.06815,0.07069,0.07399,0.07608,0.07694,0.07724,0.07822
9/23/2025,0.06215,0.06332,0.06203,0.06319,0.0638,0.06419,0.06465,0.06523,0.06582,0.06617,0.06703,0.06792,0.07038,0.07376,0.07585,0.07668,0.07701,0.07799
9/22/2025,0.06182,0.06332,0.06234,0.0635,0.06411,0.06457,0.06496,0.06553,0.06613,0.06648,0.06734,0.06815,0.07054,0.07399,0.07608,0.07686,0.07724,0.07822
9/19/2025,0.06182,0.06365,0.06196,0.06319,0.06373,0.06419,0.06465,0.06523,0.06582,0.06617,0.06703,0.06792,0.07043,0.07383,0.07591,0.0767,0.07713,0.07811
9/18/2025,0.06182,0.06365,0.06196,0.06319,0.06373,0.06419,0.06465,0.06523,0.06582,0.06617,0.06703,0.06792,0.07036,0.07386,0.07588,0.0767,0.07713,0.07811
9/17/2025,0.06182,0.06365,0.06196,0.06319,0.06373,0.06419,0.06465,0.06523,0.06582,0.06617,0.06703,0.06792,0.07031,0.07383,0.07583,0.07668,0.0771,0.07813
9/16/2025,0.06132,0.06365,0.06188,0.06319,0.06373,0.06419,0.06465,0.06523,0.06582,0.06617,0.06703,0.06792,0.07046,0.07386,0.07584,0.07668,0.07706,0.07808
9/15/2025,0.06132,0.06365,0.06188,0.06319,0.06373,0.06419,0.06465,0.06523,0.06582,0.06617,0.06703,0.06792,0.07045,0.07385,0.07583,0.07667,0.07708,0.0781
9/12/2025,0.06008,0.06088,0.06134,0.0628,0.06334,0.06365,0.06419,0.06484,0.06544,0.06578,0.06673,0.06761,0.07013,0.07368,0.0756,0.07636,0.07677,0.07777
9/11/2025,0.06008,0.06088,0.06134,0.0628,0.06334,0.06365,0.06415,0.06484,0.06544,0.06578,0.06673,0.06761,0.07006,0.07365,0.07555,0.07633,0.07677,0.07773
9/10/2025,0.06004,0.06067,0.06117,0.06244,0.06286,0.06317,0.06369,0.06446,0.06503,0.06538,0.06638,0.06719,0.06977,0.07321,0.07503,0.07582,0.07636,0.07732
9/9/2025,0.0599,0.06067,0.06117,0.06236,0.06278,0.06309,0.06361,0.06438,0.06488,0.0653,0.06623,0.06703,0.0695,0.07304,0.07485,0.07564,0.0762,0.07716
9/8/2025,0.0599,0.06044,0.06102,0.06205,0.06248,0.06275,0.06327,0.0643,0.0648,0.06523,0.06623,0.06703,0.06958,0.07313,0.07491,0.07571,0.07628,0.07724
9/5/2025,0.06049,0.06021,0.06086,0.06175,0.06217,0.06228,0.06288,0.06392,0.06465,0.06507,0.06623,0.06703,0.06958,0.07312,0.07489,0.07571,0.07628,0.07724
9/4/2025,0.06049,0.06021,0.06086,0.06175,0.06217,0.06228,0.06288,0.06392,0.06465,0.06507,0.06623,0.06703,0.06958,0.07329,0.07501,0.07571,0.07628,0.07724
9/3/2025,0.06049,0.06021,0.06086,0.06175,0.06217,0.06228,0.06288,0.06392,0.06465,0.06507,0.06623,0.06703,0.06975,0.07354,0.07516,0.07583,0.07645,0.07733
8/29/2025,0.06037,0.06005,0.06078,0.06167,0.06202,0.06221,0.0628,0.06384,0.06457,0.065,0.06615,0.06696,0.06971,0.07353,0.07511,0.07576,0.07638,0.07726
8/28/2025,0.06037,0.05921,0.06071,0.06121,0.06132,0.06171,0.06242,0.06323,0.06419,0.06473,0.06603,0.06688,0.06973,0.07346,0.07509,0.07584,0.07634,0.07723
8/27/2025,0.06037,0.05928,0.06078,0.06121,0.06132,0.06171,0.06242,0.06323,0.06419,0.06473,0.06603,0.06688,0.06985,0.07354,0.07515,0.07592,0.07644,0.07731
8/26/2025,0.05999,0.05928,0.06078,0.06121,0.06132,0.06171,0.06242,0.06323,0.06419,0.06473,0.06603,0.06688,0.0699,0.07358,0.07524,0.07588,0.07649,0.07732
8/25/2025,0.06012,0.05928,0.06055,0.06121,0.06132,0.06171,0.06242,0.06323,0.06419,0.06473,0.06603,0.06688,0.07001,0.07341,0.0754,0.07603,0.07653,0.0774
8/22/2025,0.05949,0.05867,0.06002,0.06067,0.06125,0.06171,0.06242,0.06323,0.06419,0.06473,0.06603,0.06688,0.06975,0.07299,0.07581,0.07644,0.07684,0.07765
8/21/2025,0.05937,0.05867,0.06002,0.06059,0.06125,0.06171,0.06242,0.06323,0.06419,0.06473,0.06603,0.06688,0.06901,0.07194,0.07536,0.07614,0.07675,0.07759
8/20/2025,0.05924,0.05825,0.05967,0.06032,0.06117,0.06155,0.06234,0.06323,0.06419,0.06473,0.066,0.0668,0.06898,0.0718,0.07499,0.0759,0.07655,0.07734
8/19/2025,0.0544,0.05353,0.05495,0.0556,0.05645,0.05683,0.05762,0.05851,0.05947,0.06001,0.06128,0.06208,0.06423,0.06703,0.07033,0.07123,0.07188,0.07267
8/18/2025,0.05446,0.05337,0.0548,0.05545,0.0563,0.05683,0.05762,0.05851,0.05947,0.06001,0.06128,0.06208,0.06438,0.06718,0.07033,0.07128,0.07196,0.07273
8/15/2025,0.05396,0.05337,0.0548,0.05545,0.0563,0.05683,0.05762,0.05851,0.05947,0.06001,0.06128,0.06208,0.06453,0.0673,0.07044,0.07133,0.07195,0.07272
8/14/2025,0.05396,0.05337,0.0548,0.05537,0.0563,0.05683,0.05762,0.05851,0.05947,0.06001,0.06128,0.06208,0.0646,0.06742,0.07055,0.07152,0.07208,0.07285
8/13/2025,0.05427,0.05308,0.05458,0.05508,0.0561,0.05658,0.05758,0.05839,0.05943,0.05997,0.06124,0.06208,0.06441,0.06753,0.07039,0.07132,0.07195,0.07279
8/12/2025,0.0544,0.0533,0.05456,0.05514,0.05601,0.05658,0.05758,0.05839,0.05943,0.05997,0.06124,0.06208,0.06442,0.06746,0.07037,0.07139,0.07204,0.07283
8/11/2025,0.05465,0.05337,0.05464,0.05522,0.05601,0.05658,0.05758,0.05839,0.05943,0.05997,0.06124,0.06208,0.06455,0.0677,0.07053,0.07153,0.07216,0.07296
8/8/2025,0.05452,0.0536,0.05464,0.05545,0.05608,0.05666,0.05758,0.05839,0.05943,0.05997,0.06124,0.06208,0.06447,0.06757,0.07043,0.07144,0.07208,0.07288
8/7/2025,0.05351,0.05299,0.05416,0.05489,0.05572,0.05639,0.05735,0.05812,0.05928,0.05989,0.0612,0.06212,0.06456,0.06767,0.07058,0.07153,0.0722,0.07291
8/6/2025,0.05246,0.05249,0.05362,0.05455,0.05556,0.05624,0.05728,0.05805,0.0592,0.05981,0.06112,0.06205,0.06498,0.0681,0.07072,0.07179,0.07242,0.07315
8/5/2025,0.05196,0.05241,0.05355,0.05447,0.05549,0.05608,0.0572,0.05797,0.05908,0.0597,0.06097,0.06193,0.06485,0.06795,0.0706,0.07162,0.07224,0.07312
8/4/2025,0.05156,0.0521,0.05339,0.05447,0.05549,0.05608,0.0572,0.05797,0.05908,0.0597,0.06097,0.06193,0.06489,0.06802,0.07065,0.07171,0.07232,0.07305
8/1/2025,0.05146,0.05218,0.05347,0.05455,0.05556,0.05608,0.0572,0.05797,0.05908,0.0597,0.06097,0.06193,0.06489,0.06801,0.07065,0.0717,0.07232,0.07305
7/31/2025,0.05106,0.05203,0.05331,0.05447,0.05549,0.05608,0.0572,0.05797,0.05908,0.0597,0.06097,0.06193,0.06488,0.06805,0.07075,0.07179,0.07241,0.07314
7/30/2025,0.05126,0.05203,0.05331,0.05447,0.05549,0.05608,0.0572,0.05797,0.05908,0.0597,0.06097,0.06193,0.06482,0.06805,0.07062,0.0717,0.07233,0.07306
7/29/2025,0.05166,0.05218,0.05347,0.05447,0.05549,0.05608,0.0572,0.05797,0.05908,0.0597,0.06097,0.06193,0.0648,0.06804,0.07049,0.07168,0.07233,0.07306
7/28/2025,0.0484,0.0488,0.05014,0.05122,0.05226,0.05291,0.05399,0.05476,0.05587,0.05649,0.05776,0.05872,0.06173,0.06503,0.06749,0.06868,0.06929,0.06997
7/25/2025,0.0483,0.04887,0.0503,0.0513,0.05234,0.05299,0.05399,0.05476,0.05587,0.05649,0.05776,0.05872,0.06173,0.06504,0.06754,0.06868,0.06929,0.06997
7/24/2025,0.048,0.0488,0.05022,0.05126,0.05226,0.05299,0.05399,0.05476,0.05587,0.05649,0.05776,0.05872,0.06179,0.06504,0.06771,0.06879,0.06924,0.06997
7/23/2025,0.0478,0.04868,0.0501,0.05118,0.05218,0.05299,0.05399,0.05476,0.05587,0.05649,0.05776,0.05872,0.0621,0.0653,0.06804,0.06906,0.06941,0.07016
7/22/2025,0.0472,0.04826,0.04976,0.0508,0.05195,0.05276,0.05376,0.05445,0.05557,0.0561,0.05737,0.05834,0.06155,0.06493,0.0675,0.06858,0.06898,0.06982
7/21/2025,0.0469,0.04826,0.04976,0.0508,0.05195,0.05276,0.05376,0.05445,0.05557,0.0561,0.05737,0.05834,0.06156,0.06493,0.06749,0.0686,0.06898,0.06982
7/18/2025,0.0469,0.04822,0.04972,0.05076,0.05191,0.05272,0.05372,0.05441,0.05553,0.05607,0.05734,0.0583,0.06145,0.06487,0.06742,0.06852,0.06894,0.06978
7/17/2025,0.0472,0.04826,0.04972,0.05076,0.05191,0.05272,0.05372,0.05441,0.05553,0.05607,0.05734,0.0583,0.06135,0.06474,0.06741,0.06846,0.06884,0.06974
7/16/2025,0.0472,0.04826,0.04972,0.05076,0.05191,0.05272,0.05372,0.05441,0.05553,0.05607,0.05734,0.0583,0.06177,0.06514,0.06743,0.06866,0.0692,0.07011
7/15/2025,0.047,0.04818,0.04964,0.05068,0.05184,0.05264,0.05372,0.05441,0.05553,0.05607,0.05734,0.0583,0.06174,0.06517,0.06739,0.06863,0.06922,0.07013
7/14/2025,0.04647,0.04807,0.04957,0.05068,0.05184,0.05264,0.05372,0.05441,0.05553,0.05607,0.05734,0.0583,0.06174,0.06516,0.06733,0.0685,0.06913,0.07005
7/11/2025,0.04636,0.04776,0.04949,0.0506,0.05184,0.05264,0.05372,0.05441,0.05553,0.05607,0.05734,0.0583,0.06095,0.06435,0.06654,0.06771,0.06834,0.06926
7/10/2025,0.04636,0.04776,0.04822,0.0506,0.05184,0.05264,0.05372,0.05441,0.05553,0.05607,0.05734,0.0583,0.06182,0.06519,0.06736,0.06865,0.06921,0.07013
7/9/2025,0.04636,0.04776,0.04822,0.05076,0.05199,0.05284,0.05387,0.05457,0.05568,0.05622,0.05749,0.05845,0.06213,0.06545,0.06765,0.06887,0.06945,0.07037
7/8/2025,0.04625,0.04776,0.04822,0.05053,0.05199,0.05284,0.05387,0.05457,0.05568,0.05622,0.05749,0.05845,0.062,0.06529,0.06753,0.06874,0.06932,0.07024
7/7/2025,0.04625,0.04772,0.04822,0.05053,0.05199,0.05284,0.05387,0.05457,0.05568,0.05622,0.05749,0.05845,0.06213,0.0654,0.06764,0.06886,0.06945,0.07037
7/4/2025,0.0459,0.04795,0.04964,0.05107,0.05214,0.05284,0.05387,0.05457,0.05568,0.05622,0.05749,0.05845,0.06213,0.06541,0.06764,0.06886,0.06945,0.07037
7/3/2025,0.0457,0.04795,0.04972,0.05107,0.05214,0.05284,0.05387,0.05457,0.05568,0.05622,0.05749,0.05845,0.06213,0.0654,0.06764,0.06887,0.06945,0.07037
7/2/2025,0.0458,0.04795,0.04972,0.05107,0.05214,0.05284,0.05387,0.05457,0.05568,0.05622,0.05749,0.05845,0.06213,0.06537,0.0676,0.06877,0.06945,0.07037
7/1/2025,0.0463,0.04807,0.04972,0.05107,0.05214,0.05284,0.05387,0.05457,0.05568,0.05622,0.05749,0.05845,0.06213,0.06535,0.06761,0.06879,0.06945,0.07037
6/30/2025,0.046,0.04807,0.04972,0.05107,0.05214,0.05284,0.05387,0.05457,0.05568,0.05622,0.05749,0.05845,0.06215,0.06537,0.06758,0.06879,0.06945,0.07037
6/27/2025,0.0458,0.04772,0.04968,0.0511,0.0521,0.0528,0.05384,0.05453,0.05568,0.05622,0.05749,0.05845,0.06221,0.06558,0.0677,0.06894,0.06945,0.0704
6/26/2025,0.0454,0.04764,0.04968,0.0511,0.0521,0.0528,0.05384,0.05453,0.05568,0.05622,0.05749,0.05845,0.06221,0.0656,0.0677,0.06888,0.06945,0.0704
6/25/2025,0.04455,0.04757,0.04953,0.05095,0.05195,0.0526,0.05368,0.05437,0.05553,0.05607,0.05734,0.0583,0.06205,0.06542,0.06754,0.06873,0.06934,0.0703
6/24/2025,0.04435,0.04741,0.04945,0.05064,0.05187,0.0526,0.05368,0.05437,0.05553,0.05607,0.05734,0.0583,0.06219,0.06559,0.06763,0.0688,0.06938,0.07034
6/23/2025,0.04435,0.04757,0.0496,0.05103,0.05195,0.05268,0.05368,0.05437,0.05553,0.05607,0.05734,0.0583,0.06205,0.06539,0.06751,0.06864,0.0693,0.07026
6/20/2025,0.04445,0.04726,0.0496,0.05103,0.05195,0.05268,0.05368,0.05437,0.05553,0.05607,0.05734,0.0583,0.06204,0.06542,0.0675,0.06864,0.06932,0.07028
6/19/2025,0.04412,0.04734,0.04937,0.0508,0.05172,0.05245,0.05345,0.05414,0.0553,0.05584,0.05711,0.05807,0.06178,0.06514,0.06723,0.06853,0.06905,0.06996
6/18/2025,0.04432,0.04749,0.04937,0.05087,0.05172,0.05245,0.05345,0.05414,0.0553,0.05584,0.05711,0.05807,0.06153,0.06511,0.0672,0.06831,0.069,0.06992
6/17/2025,0.04452,0.04734,0.04945,0.05087,0.05172,0.05245,0.05345,0.05414,0.0553,0.05584,0.05711,0.05807,0.06146,0.06517,0.06736,0.06844,0.06922,0.07016
6/16/2025,0.04474,0.04749,0.04953,0.05087,0.05172,0.05245,0.05345,0.05414,0.0553,0.05584,0.05711,0.05807,0.06112,0.06508,0.06732,0.06838,0.06922,0.07016
6/13/2025,0.04482,0.04764,0.04945,0.05087,0.05172,0.05245,0.05345,0.05414,0.0553,0.05584,0.05711,0.05807,0.06114,0.06492,0.06732,0.06837,0.06922,0.07016
6/12/2025,0.04502,0.04764,0.04945,0.05037,0.05172,0.05245,0.05345,0.05414,0.0553,0.05584,0.05711,0.05807,0.06104,0.06483,0.06731,0.0684,0.06922,0.07016
6/11/2025,0.04502,0.04764,0.04945,0.05087,0.05172,0.05245,0.05345,0.05414,0.0553,0.05584,0.05711,0.05807,0.06102,0.06472,0.06729,0.06839,0.06922,0.07016
6/10/2025,0.04488,0.04764,0.04945,0.05087,0.05172,0.05245,0.05345,0.05414,0.0553,0.05584,0.05711,0.05807,0.061,0.06477,0.06728,0.06846,0.0692,0.07016
6/9/2025,0.04542,0.0478,0.04957,0.05087,0.05172,0.05245,0.05345,0.05414,0.0553,0.05584,0.05711,0.05807,0.06105,0.06464,0.06723,0.06834,0.0692,0.07016
6/6/2025,0.04552,0.04787,0.04972,0.05095,0.05172,0.05245,0.05345,0.05414,0.0553,0.05584,0.05711,0.05807,0.06091,0.06433,0.06716,0.06824,0.06909,0.07004
6/5/2025,0.04552,0.04795,0.04987,0.05103,0.05187,0.05261,0.05368,0.05422,0.05537,0.05591,0.05718,0.05814,0.06108,0.0646,0.06741,0.06851,0.06937,0.07032
6/4/2025,0.04579,0.04803,0.04987,0.05103,0.05187,0.05261,0.05368,0.05422,0.05537,0.05591,0.05718,0.05814,0.061,0.06446,0.06725,0.06845,0.06937,0.07028
6/3/2025,0.04629,0.04803,0.04987,0.05103,0.05187,0.05261,0.05368,0.05422,0.05537,0.05591,0.05718,0.05814,0.06081,0.0641,0.06703,0.06824,0.06912,0.07004
6/2/2025,0.04649,0.04841,0.05018,0.05118,0.05203,0.05276,0.05384,0.05453,0.05561,0.05614,0.05741,0.0583,0.06086,0.06412,0.06716,0.06838,0.06928,0.0702
5/30/2025,0.04649,0.04841,0.05026,0.05118,0.05203,0.05276,0.05384,0.05453,0.05561,0.05614,0.05741,0.0583,0.06086,0.06406,0.06711,0.06831,0.06928,0.0702
5/29/2025,0.04649,0.04864,0.05026,0.05118,0.05203,0.05276,0.05384,0.05453,0.05561,0.05614,0.05741,0.0583,0.06103,0.06419,0.06727,0.06851,0.06949,0.07041
5/28/2025,0.04705,0.04904,0.04925,0.05161,0.05246,0.05319,0.05427,0.05496,0.05604,0.05657,0.05784,0.05873,0.0614,0.06468,0.06768,0.06902,0.06996,0.07088
5/27/2025,0.04736,0.04911,0.05069,0.05161,0.05246,0.05319,0.05427,0.05496,0.05604,0.05657,0.05784,0.05873,0.06148,0.06462,0.06761,0.06894,0.06994,0.07082
5/26/2025,0.04714,0.04896,0.05069,0.05161,0.05246,0.05319,0.05427,0.05496,0.05604,0.05657,0.05784,0.05873,0.06139,0.06453,0.06759,0.06893,0.06994,0.07082
5/23/2025,0.04714,0.04896,0.05069,0.05161,0.05246,0.05319,0.05427,0.05496,0.05604,0.05657,0.05784,0.05873,0.06127,0.06444,0.06745,0.06891,0.06994,0.07082
5/22/2025,0.04714,0.04888,0.05069,0.05161,0.05246,0.05319,0.05427,0.05496,0.05604,0.05657,0.05784,0.05873,0.06135,0.06453,0.06752,0.06898,0.07002,0.0709
5/21/2025,0.04714,0.04888,0.05077,0.05169,0.05246,0.05319,0.05427,0.05496,0.05604,0.05665,0.05792,0.0588,0.06147,0.06458,0.06764,0.06912,0.07017,0.07105
5/20/2025,0.04714,0.04896,0.0508,0.05165,0.05246,0.05319,0.05423,0.05492,0.056,0.05661,0.05788,0.05877,0.06144,0.06463,0.06764,0.0691,0.07014,0.07102
5/19/2025,0.04731,0.04896,0.0508,0.05165,0.05246,0.05319,0.05423,0.05492,0.056,0.05661,0.05788,0.05877,0.06138,0.06465,0.06763,0.06909,0.07014,0.07102
5/16/2025,0.04731,0.04896,0.05077,0.05165,0.05246,0.05319,0.05423,0.05492,0.056,0.05661,0.05788,0.05877,0.06135,0.06463,0.06763,0.06909,0.07014,0.07102
5/15/2025,0.04731,0.04896,0.05077,0.05165,0.05246,0.05319,0.05423,0.05492,0.056,0.05661,0.05788,0.05877,0.06136,0.06463,0.06761,0.06911,0.07017,0.07105
5/14/2025,0.04792,0.049,0.0508,0.05165,0.05246,0.05319,0.05423,0.05492,0.056,0.05661,0.05788,0.05877,0.06136,0.06463,0.06765,0.0691,0.07017,0.07105
5/13/2025,0.04759,0.04907,0.0508,0.05165,0.05246,0.05319,0.05423,0.05492,0.056,0.05661,0.05788,0.05877,0.06136,0.06463,0.06769,0.0691,0.07017,0.07105
5/12/2025,0.0473,0.04859,0.0508,0.05165,0.05246,0.05319,0.05423,0.05492,0.056,0.05661,0.05788,0.05877,0.06136,0.06465,0.06766,0.06913,0.07017,0.07105
5/9/2025,0.04692,0.04917,0.05084,0.05173,0.05254,0.05323,0.05423,0.05492,0.056,0.05661,0.05788,0.05877,0.06136,0.06465,0.06771,0.06913,0.07017,0.07105
5/8/2025,0.04678,0.04917,0.05084,0.05173,0.05254,0.05323,0.05423,0.05492,0.056,0.05661,0.05788,0.05877,0.06136,0.06465,0.06771,0.06913,0.07017,0.07105
5/7/2025,0.04678,0.04917,0.05084,0.05173,0.05254,0.05323,0.05423,0.05492,0.056,0.05661,0.05788,0.05877,0.06131,0.06464,0.06766,0.06909,0.07017,0.07105
5/6/2025,0.04706,0.04942,0.05084,0.05173,0.05254,0.05323,0.05423,0.05492,0.056,0.05661,0.05788,0.05877,0.06143,0.06473,0.06782,0.06921,0.07029,0.07117
5/5/2025,0.04721,0.04942,0.05084,0.05173,0.05254,0.05323,0.05427,0.05496,0.05604,0.05665,0.05792,0.0588,0.06127,0.06481,0.06785,0.06924,0.07032,0.0712
4/29/2025,0.047,0.04902,0.05084,0.05165,0.05269,0.05323,0.05427,0.05496,0.05604,0.05665,0.05792,0.0588,0.06126,0.06479,0.06781,0.0692,0.07045,0.07136
4/28/2025,0.047,0.04902,0.05084,0.05165,0.05269,0.05323,0.05427,0.05496,0.05604,0.05665,0.05792,0.0588,0.0613,0.06477,0.06781,0.06921,0.07045,0.07136
4/26/2025,0.06738,0.0694,0.07122,0.07203,0.07307,0.07365,0.07465,0.07534,0.07642,0.07703,0.07834,0.07918,0.08159,0.08517,0.08816,0.08968,0.09083,0.09174
4/25/2025,0.06738,0.0694,0.07122,0.07203,0.07307,0.07365,0.07465,0.07534,0.07642,0.07703,0.07834,0.07918,0.08159,0.08517,0.08816,0.08968,0.09083,0.09174
4/24/2025,0.06755,0.0694,0.07122,0.07203,0.07307,0.07365,0.07465,0.07534,0.07642,0.07703,0.07834,0.07918,0.08179,0.08522,0.0882,0.08957,0.09078,0.09172
4/23/2025,0.0676,0.06922,0.07122,0.07203,0.07307,0.07365,0.07465,0.07534,0.07642,0.07703,0.07834,0.07918,0.08146,0.08503,0.08786,0.08946,0.09078,0.09172
4/22/2025,0.0676,0.06947,0.07157,0.07226,0.07334,0.07407,0.07511,0.07565,0.07688,0.07745,0.07876,0.07961,0.08201,0.08532,0.08841,0.08999,0.09134,0.09228
4/21/2025,0.0676,0.06947,0.07157,0.07226,0.07334,0.07407,0.07511,0.07565,0.07688,0.07745,0.07876,0.07961,0.08181,0.08519,0.08826,0.08986,0.09121,0.09215
4/18/2025,0.06788,0.0697,0.07157,0.07226,0.07334,0.07407,0.07511,0.07565,0.07688,0.07745,0.07876,0.07961,0.08179,0.08519,0.08825,0.08986,0.09121,0.09215
4/17/2025,0.0676,0.06963,0.07157,0.07226,0.07334,0.07407,0.07511,0.07565,0.07688,0.07745,0.07876,0.07961,0.08176,0.08514,0.08823,0.08983,0.09121,0.09215
4/16/2025,0.06788,0.0697,0.07157,0.07226,0.07334,0.07407,0.07511,0.07565,0.07688,0.07745,0.07876,0.07961,0.08176,0.08515,0.08816,0.08983,0.09121,0.09215
4/15/2025,0.0676,0.0695,0.07149,0.07234,0.07334,0.07407,0.07507,0.07565,0.07688,0.07745,0.07876,0.07961,0.08176,0.08514,0.08825,0.08983,0.09121,0.09215
4/14/2025,0.06738,0.06943,0.07149,0.07234,0.07334,0.07415,0.07507,0.07565,0.07688,0.07745,0.07876,0.07961,0.08164,0.08517,0.08826,0.08983,0.09121,0.09215
4/11/2025,0.06738,0.06968,0.07153,0.07242,0.07334,0.07415,0.07507,0.07565,0.07688,0.07745,0.07876,0.07961,0.08161,0.08517,0.08826,0.08983,0.09121,0.09215
4/10/2025,0.06738,0.06968,0.07153,0.07242,0.07334,0.07415,0.07507,0.07565,0.07688,0.07745,0.07876,0.07961,0.08156,0.08518,0.08824,0.08983,0.09121,0.09215
4/9/2025,0.06738,0.06968,0.07153,0.07242,0.07334,0.07415,0.07507,0.07565,0.07688,0.07745,0.07876,0.07961,0.08157,0.08523,0.08824,0.08983,0.09109,0.09203
4/8/2025,0.0678,0.06947,0.07145,0.07242,0.07334,0.07415,0.07507,0.07565,0.07688,0.07745,0.07876,0.07961,0.08164,0.08524,0.08826,0.08984,0.09109,0.09203
4/4/2025,0.06755,0.06918,0.07153,0.07242,0.07334,0.07415,0.07507,0.07565,0.07688,0.07745,0.07876,0.07961,0.08162,0.08503,0.0881,0.08989,0.09113,0.09207
4/3/2025,0.06755,0.06918,0.07153,0.07242,0.07334,0.07415,0.07507,0.07565,0.07688,0.07745,0.07876,0.07961,0.08158,0.08521,0.08828,0.08993,0.09113,0.09203
4/2/2025,0.06713,0.06893,0.07145,0.07242,0.07338,0.07418,0.07515,0.07572,0.07695,0.07757,0.07892,0.07972,0.08101,0.08482,0.0878,0.08973,0.09129,0.09229
4/1/2025,0.06705,0.0686,0.07145,0.07242,0.07338,0.07418,0.07515,0.07572,0.07695,0.07757,0.07892,0.07972,0.08115,0.08478,0.08785,0.08972,0.09129,0.09229
3/31/2025,0.06713,0.0688,0.07145,0.07242,0.07338,0.07418,0.07515,0.07572,0.07695,0.07757,0.07892,0.07972,0.08108,0.08473,0.08779,0.08972,0.09129,0.09229
3/28/2025,0.0671,0.0683,0.07145,0.07249,0.07338,0.07418,0.07515,0.07572,0.07695,0.07757,0.07892,0.07972,0.0812,0.08488,0.0878,0.08973,0.09129,0.09229
3/27/2025,0.0671,0.0683,0.07145,0.07249,0.07338,0.07418,0.07515,0.07572,0.07695,0.07757,0.07892,0.07972,0.0812,0.08489,0.08786,0.0897,0.09129,0.09229
3/26/2025,0.0668,0.0683,0.07145,0.07249,0.07338,0.07418,0.07515,0.07572,0.07695,0.07757,0.07892,0.07972,0.08129,0.0849,0.08791,0.08972,0.09129,0.09229
3/25/2025,0.0668,0.06823,0.07145,0.07249,0.07338,0.07418,0.07515,0.07572,0.07695,0.07757,0.07892,0.07972,0.08124,0.08488,0.08788,0.08973,0.09129,0.09229
3/24/2025,0.0668,0.06851,0.07138,0.07249,0.07338,0.07418,0.07515,0.07572,0.07695,0.07757,0.07892,0.07972,0.08124,0.08487,0.08784,0.08968,0.09129,0.09229
3/21/2025,0.0668,0.06863,0.07138,0.07249,0.07338,0.07418,0.07515,0.07572,0.07695,0.07757,0.07892,0.07972,0.08119,0.08458,0.08776,0.08961,0.09129,0.09229
3/20/2025,0.0668,0.06872,0.07138,0.07249,0.07338,0.07418,0.07515,0.07572,0.07695,0.07757,0.07892,0.07972,0.08108,0.08455,0.08776,0.08961,0.09129,0.09229
3/19/2025,0.0668,0.06897,0.07138,0.07249,0.07338,0.07418,0.07515,0.07572,0.07695,0.07757,0.07892,0.07972,0.08108,0.08455,0.08776,0.08964,0.09137,0.09229
3/18/2025,0.0668,0.0698,0.07145,0.07257,0.07338,0.07418,0.07515,0.07572,0.07695,0.07757,0.07892,0.07972,0.08117,0.08457,0.08769,0.08964,0.09133,0.09225
3/17/2025,0.06743,0.07051,0.07153,0.07257,0.07338,0.07411,0.07515,0.07572,0.07695,0.07757,0.07892,0.07972,0.08128,0.08472,0.08775,0.0896,0.09133,0.09225
3/14/2025,0.06693,0.07047,0.07161,0.07257,0.07338,0.07411,0.07515,0.07572,0.07695,0.07757,0.07892,0.07972,0.08133,0.08494,0.08783,0.08962,0.09133,0.09225
3/13/2025,0.06693,0.07055,0.0718,0.07265,0.07349,0.07426,0.07515,0.07572,0.07703,0.07772,0.07911,0.07995,0.0816,0.08509,0.08798,0.08978,0.09156,0.09248
3/12/2025,0.06693,0.07055,0.0718,0.07265,0.07349,0.07426,0.07515,0.07572,0.07703,0.07772,0.07911,0.07995,0.08155,0.08509,0.08791,0.08972,0.09156,0.09248
3/11/2025,0.0664,0.0707,0.0718,0.07257,0.07349,0.07426,0.07515,0.07572,0.07703,0.07772,0.07911,0.07995,0.08155,0.08515,0.08796,0.08979,0.09156,0.09248
3/10/2025,0.0664,0.07013,0.07188,0.07257,0.07349,0.07418,0.07511,0.07572,0.07703,0.07772,0.07911,0.07995,0.08157,0.08521,0.08792,0.08975,0.09156,0.09248
3/7/2025,0.0667,0.07013,0.07188,0.07257,0.07349,0.07418,0.07511,0.07572,0.07703,0.07772,0.07911,0.07995,0.08155,0.08509,0.08789,0.08976,0.09156,0.09248
3/6/2025,0.0671,0.07047,0.07218,0.07261,0.07357,0.07418,0.07511,0.07572,0.07703,0.07772,0.07911,0.07995,0.08177,0.08548,0.08807,0.08997,0.09156,0.09247
3/5/2025,0.0697,0.0708,0.07253,0.07303,0.07384,0.07442,0.07534,0.07588,0.07718,0.07788,0.07926,0.08011,0.08183,0.08609,0.08853,0.09039,0.09178,0.09265
3/4/2025,0.0705,0.07122,0.07265,0.07303,0.07384,0.07442,0.07534,0.07588,0.07718,0.07788,0.07926,0.08011,0.08221,0.0866,0.08904,0.09073,0.09204,0.09282
3/3/2025,0.0706,0.07122,0.07272,0.07311,0.07384,0.07442,0.07534,0.07588,0.07718,0.07788,0.07926,0.08011,0.08233,0.08659,0.08916,0.09091,0.09198,0.0929
2/28/2025,0.0708,0.07105,0.07297,0.07303,0.07376,0.07426,0.07526,0.0758,0.07711,0.0778,0.07918,0.08003,0.08247,0.08667,0.08918,0.09088,0.0919,0.09282
2/27/2025,0.0707,0.07105,0.07297,0.07311,0.07376,0.07426,0.07526,0.0758,0.07711,0.0778,0.07918,0.08003,0.08248,0.08665,0.08918,0.09092,0.09191,0.09278
2/26/2025,0.07118,0.07155,0.07297,0.07311,0.07376,0.07426,0.07526,0.0758,0.07711,0.0778,0.07918,0.08003,0.08256,0.08674,0.08939,0.0912,0.09193,0.0928
2/25/2025,0.07143,0.0718,0.07297,0.07342,0.07376,0.07426,0.07526,0.0758,0.07711,0.0778,0.07918,0.08003,0.08256,0.08679,0.08946,0.09119,0.09193,0.0928
2/24/2025,0.07143,0.07174,0.07297,0.07342,0.07384,0.07434,0.07526,0.0758,0.07711,0.0778,0.07918,0.08003,0.08254,0.08678,0.08944,0.09121,0.09193,0.0928
2/21/2025,0.07155,0.07186,0.07318,0.07342,0.07384,0.07434,0.07526,0.0758,0.07711,0.0778,0.07918,0.08003,0.08258,0.0869,0.08947,0.09121,0.09193,0.0928
2/20/2025,0.07168,0.0718,0.07318,0.07342,0.07384,0.07434,0.07526,0.0758,0.07711,0.0778,0.07918,0.08003,0.08258,0.08685,0.08949,0.0912,0.09193,0.09276
2/19/2025,0.07218,0.07193,0.07343,0.07342,0.07384,0.07434,0.07526,0.0758,0.07711,0.0778,0.07918,0.08003,0.08269,0.08689,0.08956,0.0912,0.09184,0.09268
2/18/2025,0.07193,0.07193,0.07343,0.07342,0.07384,0.07434,0.07526,0.0758,0.07711,0.0778,0.07918,0.08003,0.08269,0.08685,0.08955,0.09119,0.09184,0.09268
2/17/2025,0.0723,0.07166,0.0735,0.07338,0.07384,0.07434,0.07526,0.0758,0.07711,0.0778,0.07918,0.08003,0.08252,0.08683,0.08954,0.09117,0.09184,0.09268
2/14/2025,0.0722,0.07166,0.07343,0.07338,0.07384,0.07434,0.07526,0.0758,0.07711,0.0778,0.07918,0.08003,0.08252,0.08633,0.08956,0.09127,0.09189,0.09272
2/13/2025,0.0722,0.07166,0.07343,0.07338,0.07384,0.07434,0.07526,0.0758,0.07711,0.0778,0.07918,0.08003,0.08272,0.08648,0.08965,0.09141,0.09194,0.09282
2/12/2025,0.0724,0.07166,0.07368,0.07334,0.07384,0.07434,0.07526,0.0758,0.07711,0.0778,0.07918,0.08003,0.08295,0.08642,0.08973,0.09168,0.09178,0.09253
2/11/2025,0.0725,0.07166,0.07355,0.07334,0.07384,0.07434,0.07526,0.0758,0.07711,0.0778,0.07918,0.08003,0.08288,0.08601,0.08965,0.09138,0.09174,0.09257
2/10/2025,0.0725,0.0718,0.0732,0.07334,0.07384,0.07434,0.07526,0.0758,0.07711,0.0778,0.07918,0.08003,0.08274,0.0858,0.08965,0.09145,0.09172,0.09258
2/7/2025,0.072,0.07147,0.0732,0.07322,0.07372,0.07422,0.07515,0.07568,0.07699,0.07776,0.07915,0.08003,0.08245,0.08563,0.0893,0.09109,0.09172,0.09253
2/6/2025,0.072,0.0713,0.07313,0.07322,0.07372,0.07422,0.07515,0.07568,0.07699,0.07776,0.07915,0.08003,0.0825,0.08579,0.08939,0.09125,0.09176,0.09257
2/5/2025,0.0721,0.0715,0.07305,0.07322,0.07372,0.07422,0.07515,0.07568,0.07699,0.07776,0.07915,0.08003,0.08232,0.08478,0.08909,0.09101,0.09176,0.09257
2/4/2025,0.07247,0.07143,0.07305,0.07338,0.07388,0.07438,0.0753,0.07584,0.07715,0.07792,0.0793,0.08018,0.08261,0.08511,0.08937,0.09123,0.09199,0.0928
2/3/2025,0.07213,0.07143,0.07305,0.07338,0.07388,0.07438,0.0753,0.07584,0.07715,0.07792,0.0793,0.08018,0.08265,0.08489,0.08937,0.09124,0.09199,0.0928
1/24/2025,0.0728,0.0712,0.0731,0.07315,0.07388,0.07438,0.0753,0.07584,0.07715,0.07792,0.0793,0.08018,0.08256,0.08475,0.08917,0.09106,0.09197,0.0928
1/23/2025,0.0728,0.07138,0.0733,0.07311,0.07388,0.07438,0.0753,0.07584,0.07715,0.07792,0.0793,0.08018,0.0826,0.08469,0.08919,0.09104,0.09197,0.09284
1/22/2025,0.073,0.07093,0.0735,0.07334,0.07388,0.07438,0.0753,0.07584,0.07715,0.07792,0.0793,0.08018,0.0827,0.08481,0.08936,0.09136,0.09176,0.09264
1/21/2025,0.0734,0.07155,0.0738,0.07338,0.07384,0.07434,0.07526,0.0758,0.07711,0.07788,0.07926,0.08015,0.08275,0.08464,0.08956,0.09149,0.09181,0.09273
1/20/2025,0.0734,0.07155,0.0738,0.07353,0.07395,0.07445,0.07538,0.07592,0.07726,0.07795,0.07926,0.08007,0.08278,0.08521,0.08955,0.09145,0.09165,0.09257
1/17/2025,0.0734,0.07155,0.0736,0.0733,0.07376,0.07426,0.07526,0.0758,0.07711,0.07788,0.07926,0.08015,0.08293,0.08525,0.08964,0.09139,0.09173,0.09265
1/16/2025,0.0734,0.0718,0.0736,0.0733,0.07376,0.07426,0.07526,0.0758,0.07711,0.07788,0.07926,0.08015,0.08289,0.08529,0.08972,0.09147,0.09173,0.09265
1/15/2025,0.0736,0.07155,0.0736,0.07303,0.07368,0.07426,0.07526,0.0758,0.07711,0.07788,0.07926,0.08015,0.08315,0.08548,0.08986,0.09158,0.09188,0.0928
1/14/2025,0.07397,0.07155,0.0735,0.07292,0.07368,0.07418,0.07518,0.0758,0.07711,0.07788,0.07926,0.08015,0.08337,0.08561,0.08991,0.09166,0.09188,0.09279
1/13/2025,0.0738,0.0706,0.07305,0.07276,0.07353,0.07403,0.07518,0.0758,0.07711,0.07788,0.07926,0.08015,0.08338,0.0856,0.08985,0.0916,0.09179,0.09267
1/10/2025,0.07397,0.0706,0.0728,0.07268,0.07345,0.07395,0.07503,0.0758,0.07711,0.07788,0.07926,0.08015,0.08328,0.08603,0.09,0.09145,0.09159,0.09255
1/9/2025,0.07363,0.0708,0.0728,0.07268,0.07345,0.07395,0.07503,0.0758,0.07711,0.07788,0.07926,0.08015,0.08288,0.08557,0.0897,0.09144,0.0917,0.0927
1/8/2025,0.06922,0.0712,0.0725,0.07268,0.07345,0.07395,0.07503,0.0758,0.07711,0.07788,0.07926,0.08015,0.08283,0.08538,0.08966,0.09135,0.09165,0.09261
1/7/2025,0.06826,0.0711,0.0724,0.07265,0.07342,0.07392,0.07499,0.07576,0.07707,0.07784,0.07922,0.08011,0.08288,0.08546,0.08964,0.09137,0.09161,0.09261
1/6/2025,0.06826,0.0711,0.0724,0.07265,0.07342,0.07392,0.07499,0.07576,0.07707,0.07784,0.07922,0.08011,0.08277,0.08534,0.0896,0.09133,0.09165,0.09261
1/3/2025,0.0683,0.07068,0.0725,0.07268,0.07342,0.07392,0.07499,0.07576,0.07707,0.07784,0.07922,0.08011,0.08279,0.08521,0.08961,0.09126,0.09157,0.09261
1/2/2025,0.07263,0.07068,0.0725,0.07268,0.07342,0.07392,0.07499,0.07576,0.07707,0.07784,0.07922,0.08011,0.08274,0.08519,0.08966,0.09113,0.09157,0.09249
12/31/2024,0.07297,0.07068,0.0727,0.07265,0.07342,0.07392,0.07499,0.07576,0.07707,0.07784,0.07922,0.08011,0.08277,0.08514,0.08955,0.09108,0.09161,0.09253
12/30/2024,0.07297,0.07068,0.0727,0.07265,0.07342,0.07392,0.07499,0.07576,0.07707,0.07784,0.07922,0.08011,0.08277,0.08508,0.08949,0.09103,0.09165,0.09253
12/27/2024,0.0728,0.07068,0.07243,0.07313,0.0733,0.07388,0.0748,0.07565,0.07695,0.07776,0.07922,0.08011,0.08292,0.0852,0.08972,0.09115,0.09177,0.09265
12/26/2024,0.07313,0.07068,0.07268,0.07313,0.0733,0.07388,0.0748,0.07565,0.07695,0.07776,0.07922,0.08011,0.08292,0.0852,0.08971,0.09115,0.09177,0.09265
12/25/2024,0.07313,0.07068,0.07268,0.07313,0.0733,0.07388,0.0748,0.07565,0.07695,0.07776,0.07922,0.08011,0.08301,0.0852,0.08971,0.09115,0.09177,0.09269
12/24/2024,0.07313,0.07043,0.07268,0.07313,0.0733,0.07388,0.0748,0.07565,0.07695,0.07776,0.07922,0.08011,0.08301,0.0852,0.08968,0.09115,0.09177,0.09269
12/23/2024,0.07313,0.07068,0.07268,0.0733,0.0733,0.0738,0.0748,0.07549,0.07688,0.07753,0.07903,0.07995,0.0829,0.08504,0.08941,0.09088,0.09161,0.09253
12/20/2024,0.07297,0.07043,0.07243,0.0733,0.07322,0.07372,0.07465,0.07534,0.07672,0.07753,0.07903,0.07995,0.08306,0.08527,0.08987,0.09098,0.09187,0.09266
12/19/2024,0.07113,0.07043,0.07218,0.0733,0.07268,0.07318,0.07403,0.0748,0.07634,0.07722,0.07876,0.07965,0.08254,0.08503,0.08981,0.09117,0.09153,0.09244
12/18/2024,0.07113,0.07043,0.07093,0.0733,0.07238,0.07288,0.07388,0.0748,0.07634,0.07722,0.07876,0.07965,0.08199,0.08439,0.08927,0.09093,0.0915,0.09258
12/17/2024,0.06987,0.069,0.0695,0.0672,0.06602,0.06652,0.06752,0.06845,0.06999,0.07087,0.07241,0.07329,0.07557,0.07797,0.08271,0.08442,0.08513,0.08609
12/16/2024,0.06987,0.069,0.0695,0.0672,0.06602,0.06652,0.06752,0.06845,0.06999,0.07087,0.07241,0.07329,0.07558,0.078,0.08278,0.08453,0.08513,0.08609
12/13/2024,0.06987,0.069,0.07004,0.06612,0.06602,0.06652,0.06752,0.06845,0.06999,0.07087,0.07241,0.07329,0.07568,0.07801,0.08275,0.08452,0.08512,0.08612
12/12/2024,0.07004,0.06912,0.07025,0.06612,0.06602,0.06652,0.06752,0.06845,0.06999,0.07087,0.07241,0.07329,0.07577,0.0782,0.08286,0.08453,0.08519,0.08627
12/11/2024,0.07025,0.06887,0.07004,0.06562,0.06579,0.06622,0.06729,0.06814,0.0696,0.07064,0.07241,0.07329,0.07512,0.07823,0.08268,0.0845,0.08456,0.08631
12/10/2024,0.06925,0.06875,0.0697,0.06487,0.06552,0.06591,0.06706,0.06795,0.06949,0.07056,0.07233,0.07322,0.07468,0.07777,0.08249,0.08435,0.08449,0.08624
12/9/2024,0.06925,0.06847,0.0697,0.06475,0.06552,0.06599,0.06706,0.06795,0.06949,0.07056,0.07233,0.07322,0.07472,0.0778,0.0825,0.08439,0.08453,0.08628
12/6/2024,0.06925,0.06862,0.0695,0.06475,0.06552,0.06599,0.06706,0.06795,0.06949,0.07056,0.07233,0.07322,0.07453,0.07781,0.08251,0.08429,0.08453,0.08628
12/5/2024,0.069,0.06862,0.0695,0.06475,0.06552,0.06599,0.06706,0.06795,0.06949,0.07056,0.07233,0.07322,0.07451,0.07775,0.08247,0.08431,0.08457,0.08632
12/4/2024,0.0695,0.06787,0.07004,0.06491,0.06545,0.06599,0.06706,0.06795,0.06949,0.07056,0.07233,0.07322,0.07451,0.07774,0.08245,0.08431,0.08457,0.08628
12/3/2024,0.0695,0.06837,0.06987,0.06491,0.06545,0.06599,0.06706,0.06795,0.06949,0.07056,0.07233,0.07322,0.0742,0.07756,0.08215,0.08415,0.08464,0.08604
12/2/2024,0.0695,0.06854,0.06954,0.06491,0.06545,0.06599,0.06706,0.06795,0.06949,0.07056,0.07233,0.07322,0.07406,0.07723,0.08192,0.08392,0.08447,0.08604
11/29/2024,0.0697,0.06887,0.06954,0.06491,0.06545,0.06599,0.06706,0.06795,0.06949,0.07056,0.07233,0.07322,0.07404,0.07717,0.08197,0.08403,0.08447,0.08602
11/28/2024,0.0697,0.06887,0.0697,0.06491,0.06545,0.06599,0.06706,0.06795,0.06949,0.07056,0.07233,0.07322,0.07404,0.07717,0.08197,0.08403,0.08447,0.08602
11/27/2024,0.07037,0.06912,0.06977,0.06483,0.06545,0.06599,0.06706,0.06795,0.06949,0.07056,0.07233,0.07322,0.07404,0.07717,0.08188,0.08392,0.08447,0.08606
11/26/2024,0.07025,0.06887,0.07004,0.06475,0.06537,0.06591,0.06699,0.06787,0.06941,0.07049,0.07225,0.07314,0.07396,0.07709,0.0818,0.08384,0.08439,0.08598
11/25/2024,0.07,0.06887,0.069,0.06437,0.06529,0.06583,0.06699,0.06787,0.06941,0.07049,0.07225,0.07306,0.07388,0.07706,0.08184,0.08391,0.08419,0.0859
11/22/2024,0.0687,0.06912,0.069,0.06437,0.06522,0.06575,0.06699,0.06787,0.06941,0.07049,0.07225,0.07306,0.0739,0.07705,0.08184,0.0839,0.08419,0.0859
11/21/2024,0.06837,0.06887,0.069,0.06437,0.06514,0.06575,0.06699,0.06787,0.06941,0.07049,0.07225,0.07306,0.07376,0.077,0.08184,0.0839,0.08419,0.0859
11/20/2024,0.06837,0.06847,0.06937,0.06437,0.06514,0.06575,0.06699,0.06787,0.06941,0.07049,0.07225,0.07306,0.07373,0.07699,0.08179,0.08389,0.08419,0.0859
11/19/2024,0.0692,0.06912,0.07075,0.0647,0.06537,0.06591,0.06706,0.06787,0.06941,0.07049,0.07225,0.07314,0.0738,0.07706,0.08178,0.08386,0.08427,0.086
11/18/2024,0.07037,0.06887,0.0697,0.06487,0.06529,0.06591,0.06706,0.06795,0.06949,0.07056,0.07233,0.07322,0.0739,0.07715,0.08186,0.08395,0.08435,0.08608
11/15/2024,0.07004,0.06937,0.069,0.06454,0.06522,0.06583,0.06699,0.06787,0.06941,0.07049,0.07225,0.07314,0.07381,0.07706,0.08178,0.08387,0.08427,0.086
11/14/2024,0.06372,0.06967,0.069,0.06387,0.06475,0.06552,0.06683,0.06779,0.06933,0.07041,0.07218,0.07306,0.07373,0.07691,0.08169,0.08396,0.08419,0.08592
11/13/2024,0.06364,0.06897,0.0685,0.0637,0.0646,0.06537,0.06668,0.06764,0.06918,0.07025,0.07202,0.07291,0.07351,0.07646,0.08152,0.08375,0.08404,0.08577
11/12/2024,0.06272,0.06757,0.067,0.0632,0.06449,0.06533,0.06664,0.0676,0.06914,0.07022,0.07199,0.07287,0.07337,0.07626,0.08137,0.08364,0.084,0.08573
11/11/2024,0.0626,0.06747,0.067,0.0632,0.06449,0.06533,0.06664,0.0676,0.06914,0.07022,0.07199,0.07287,0.07332,0.07622,0.08137,0.08364,0.084,0.08571
11/8/2024,0.0626,0.06747,0.06554,0.064,0.06449,0.06533,0.06664,0.0676,0.06914,0.07022,0.07199,0.07287,0.07323,0.07608,0.08118,0.08331,0.08385,0.08556
11/7/2024,0.06275,0.06767,0.06554,0.064,0.06445,0.06537,0.06668,0.06772,0.06925,0.07033,0.07218,0.07306,0.07345,0.07632,0.0815,0.08371,0.08408,0.08579
11/6/2024,0.06275,0.06747,0.06554,0.064,0.06445,0.06537,0.06668,0.06772,0.06925,0.07033,0.07218,0.07306,0.07347,0.07634,0.08143,0.0835,0.08423,0.08594
11/5/2024,0.06299,0.06747,0.06587,0.064,0.06437,0.06529,0.0666,0.06764,0.06918,0.07025,0.0721,0.07299,0.07335,0.07623,0.08136,0.08343,0.08424,0.08587
11/4/2024,0.06299,0.0662,0.06641,0.06375,0.06437,0.06529,0.0666,0.06764,0.06918,0.07025,0.0721,0.07299,0.07338,0.07624,0.08127,0.08338,0.08416,0.08587
11/1/2024,0.06218,0.06445,0.06504,0.0625,0.06418,0.06522,0.06645,0.06749,0.06902,0.07018,0.07202,0.07291,0.07326,0.0761,0.08115,0.08313,0.08408,0.08579
10/31/2024,0.06218,0.06445,0.06504,0.0625,0.06418,0.06522,0.06645,0.06749,0.06902,0.07018,0.07202,0.07291,0.07326,0.07609,0.08115,0.08313,0.08408,0.08579
10/30/2024,0.06233,0.06445,0.06504,0.06275,0.06418,0.06522,0.06645,0.06749,0.06902,0.07018,0.07202,0.07291,0.07328,0.07612,0.08111,0.08305,0.08408,0.08579
10/29/2024,0.06233,0.06429,0.06504,0.06275,0.06418,0.06522,0.06645,0.06749,0.06902,0.07018,0.07202,0.07291,0.07328,0.07608,0.08113,0.08304,0.08408,0.08579
10/28/2024,0.06241,0.06429,0.06504,0.06275,0.06418,0.06522,0.06645,0.06749,0.06902,0.07018,0.07202,0.07291,0.07327,0.07601,0.08119,0.0831,0.08408,0.08583
10/25/2024,0.06454,0.06347,0.06487,0.06237,0.06406,0.06506,0.06629,0.06733,0.06887,0.07002,0.07195,0.07283,0.07316,0.07605,0.08105,0.08302,0.084,0.08571
10/24/2024,0.0632,0.06347,0.06454,0.06225,0.06402,0.06502,0.06625,0.06733,0.06887,0.07002,0.07195,0.07283,0.07317,0.07604,0.08106,0.08302,0.084,0.08573
10/23/2024,0.0632,0.06347,0.06454,0.06225,0.06402,0.06502,0.06625,0.06733,0.06887,0.07002,0.07195,0.07283,0.07312,0.07598,0.08106,0.08302,0.084,0.08573
10/22/2024,0.0632,0.06347,0.06454,0.06225,0.06402,0.06502,0.06625,0.06733,0.06887,0.07002,0.07195,0.07283,0.07312,0.07587,0.08098,0.08299,0.084,0.08573
10/21/2024,0.06287,0.06347,0.0642,0.06137,0.06399,0.06495,0.0661,0.06725,0.06879,0.06995,0.07179,0.07268,0.07292,0.07548,0.0806,0.08254,0.08385,0.08558
10/18/2024,0.0622,0.06317,0.06354,0.06112,0.06383,0.06479,0.06595,0.0671,0.06864,0.06979,0.07164,0.07252,0.07275,0.07531,0.08047,0.08237,0.0836,0.08542
10/17/2024,0.06162,0.06317,0.06354,0.0612,0.06383,0.06479,0.06595,0.0671,0.06864,0.06979,0.07164,0.07252,0.07271,0.07526,0.08036,0.08234,0.0836,0.08542
10/16/2024,0.06212,0.06337,0.06354,0.0612,0.06402,0.06487,0.06602,0.06718,0.06872,0.06987,0.07172,0.0726,0.07282,0.07534,0.08042,0.08242,0.08368,0.08548
10/15/2024,0.06262,0.06287,0.06425,0.06154,0.0641,0.06495,0.0661,0.06718,0.06879,0.06995,0.07179,0.07268,0.07288,0.07541,0.08054,0.0825,0.08376,0.08556
10/14/2024,0.06312,0.06312,0.06437,0.06154,0.06418,0.06502,0.06618,0.06725,0.06887,0.07002,0.07187,0.07275,0.07296,0.07547,0.08059,0.08257,0.08383,0.08563
10/11/2024,0.06187,0.06354,0.06437,0.06154,0.06418,0.06502,0.06618,0.06725,0.06887,0.07002,0.07187,0.07275,0.07301,0.07546,0.08059,0.08257,0.08383,0.08563
10/10/2024,0.06277,0.06518,0.06437,0.06264,0.06418,0.06506,0.06622,0.06722,0.06891,0.0701,0.07191,0.07275,0.07303,0.07547,0.08059,0.08261,0.08383,0.08563
10/9/2024,0.06317,0.06525,0.06462,0.06272,0.06425,0.06514,0.06629,0.06729,0.06899,0.07018,0.07199,0.07283,0.07302,0.07554,0.08067,0.08265,0.08391,0.08571
10/8/2024,0.06317,0.06533,0.06462,0.06272,0.06425,0.06514,0.06629,0.06729,0.06899,0.07018,0.07199,0.07283,0.07304,0.07554,0.08068,0.08263,0.08391,0.08571
10/7/2024,0.06317,0.06541,0.06507,0.06279,0.06425,0.06522,0.06637,0.06737,0.06906,0.07025,0.0721,0.07302,0.07321,0.07576,0.08087,0.08283,0.0841,0.0859
10/4/2024,0.06337,0.06564,0.06537,0.06295,0.06433,0.06522,0.06645,0.06745,0.06914,0.07033,0.07218,0.0731,0.07342,0.07585,0.081,0.08297,0.08418,0.08598
10/3/2024,0.06397,0.06564,0.06537,0.0631,0.06464,0.06552,0.06668,0.06768,0.06929,0.07049,0.07233,0.07325,0.07359,0.07596,0.0811,0.08308,0.08413,0.08606
10/2/2024,0.06397,0.06564,0.06537,0.06318,0.06464,0.06552,0.06668,0.06768,0.06929,0.07049,0.07233,0.07325,0.0735,0.07593,0.08109,0.08307,0.08413,0.08606
10/1/2024,0.06395,0.06572,0.066,0.06318,0.06464,0.06552,0.06668,0.06768,0.06929,0.07049,0.07233,0.07325,0.07347,0.07597,0.08108,0.08307,0.08413,0.08606
9/30/2024,0.06412,0.06579,0.066,0.06333,0.06487,0.06568,0.06683,0.06799,0.0696,0.07079,0.07264,0.07356,0.07378,0.07631,0.0814,0.08337,0.08444,0.08637
9/27/2024,0.06412,0.06579,0.066,0.06349,0.06502,0.06583,0.06706,0.06822,0.06983,0.07095,0.07272,0.07395,0.07424,0.07669,0.08179,0.08376,0.08483,0.08676
9/26/2024,0.06412,0.06579,0.066,0.06349,0.06502,0.06583,0.06706,0.06822,0.06983,0.07095,0.07272,0.07395,0.0742,0.07668,0.08175,0.08374,0.08483,0.08681
9/25/2024,0.06401,0.06579,0.0657,0.06349,0.06502,0.06583,0.06706,0.06822,0.06983,0.07095,0.07272,0.07395,0.07421,0.07669,0.08178,0.08374,0.08483,0.08681
9/24/2024,0.06401,0.06579,0.0657,0.06349,0.06502,0.06583,0.06706,0.06822,0.06983,0.07095,0.07272,0.07395,0.07431,0.07675,0.08185,0.08385,0.08483,0.08689
9/23/2024,0.06401,0.06579,0.0657,0.06364,0.06518,0.06599,0.06722,0.06845,0.06991,0.07118,0.07295,0.07418,0.07463,0.07676,0.0819,0.0839,0.08493,0.08699
9/20/2024,0.06416,0.06583,0.06537,0.0636,0.06491,0.06575,0.06699,0.06822,0.06968,0.07095,0.07272,0.07395,0.07453,0.07665,0.08168,0.0837,0.0847,0.08676
9/19/2024,0.06444,0.06583,0.06537,0.0636,0.06491,0.06575,0.06699,0.06822,0.06968,0.07095,0.07272,0.07395,0.07454,0.07681,0.08186,0.08382,0.08503,0.0868
9/18/2024,0.06444,0.06622,0.06537,0.06391,0.06514,0.06599,0.06722,0.06845,0.06991,0.07118,0.07295,0.07418,0.07471,0.07708,0.08214,0.08412,0.08518,0.08695
9/17/2024,0.06473,0.06629,0.06537,0.06391,0.06514,0.06599,0.06722,0.06845,0.06991,0.07118,0.07295,0.07418,0.07468,0.07706,0.08206,0.0841,0.08516,0.08693
9/16/2024,0.06458,0.06637,0.06537,0.06399,0.06529,0.06599,0.06722,0.06845,0.06991,0.07118,0.07295,0.07418,0.07464,0.07715,0.08212,0.0841,0.08514,0.08695
9/13/2024,0.0653,0.06645,0.06537,0.06399,0.06529,0.06599,0.06722,0.06845,0.06991,0.07118,0.07295,0.07418,0.07468,0.07724,0.08214,0.08403,0.08514,0.08695
9/12/2024,0.06544,0.0666,0.0657,0.06422,0.06556,0.06622,0.06749,0.06872,0.07014,0.07145,0.07322,0.07445,0.07492,0.0775,0.08244,0.0843,0.08541,0.08722
9/11/2024,0.06568,0.06695,0.06604,0.06445,0.06575,0.06645,0.06772,0.06895,0.07037,0.07168,0.07345,0.07468,0.07515,0.07773,0.08267,0.08458,0.08564,0.08745
9/10/2024,0.06568,0.06704,0.06637,0.06425,0.06575,0.0666,0.06787,0.0691,0.07052,0.07183,0.0736,0.07483,0.07535,0.07785,0.08284,0.08471,0.08579,0.0876
9/9/2024,0.06581,0.06704,0.06637,0.06425,0.06575,0.0666,0.06787,0.0691,0.07052,0.07183,0.0736,0.07483,0.07526,0.07784,0.08284,0.0847,0.08579,0.0876
9/6/2024,0.06581,0.06704,0.0667,0.06441,0.06591,0.06683,0.06825,0.06933,0.07068,0.07199,0.07383,0.07522,0.07576,0.07845,0.08334,0.08521,0.08635,0.08799
9/5/2024,0.06643,0.06704,0.0667,0.06441,0.06591,0.06683,0.06825,0.06933,0.07068,0.07199,0.07383,0.07522,0.07579,0.07845,0.08336,0.08522,0.08635,0.08799
9/4/2024,0.06593,0.06704,0.06704,0.06441,0.06591,0.06683,0.06825,0.06933,0.07068,0.07199,0.07383,0.07522,0.07572,0.07846,0.08333,0.08521,0.08714,0.08799
8/30/2024,0.06593,0.06637,0.06704,0.06441,0.06591,0.06683,0.06825,0.06933,0.07068,0.07199,0.07383,0.07522,0.07569,0.07848,0.08334,0.08522,0.08714,0.08799
8/29/2024,0.06606,0.06637,0.06704,0.06464,0.06614,0.06699,0.06841,0.06949,0.07083,0.07214,0.07399,0.07537,0.07584,0.07863,0.08347,0.08537,0.08729,0.08814
8/28/2024,0.06643,0.0667,0.06737,0.06472,0.06622,0.06706,0.06849,0.06956,0.07091,0.07222,0.07399,0.07537,0.07584,0.07864,0.0835,0.08537,0.08729,0.08814
8/27/2024,0.06656,0.0667,0.06754,0.06472,0.06622,0.06706,0.06849,0.06956,0.07091,0.07222,0.07399,0.07537,0.07589,0.0786,0.08351,0.08537,0.08729,0.08814
8/26/2024,0.06656,0.0667,0.06787,0.06487,0.06629,0.06714,0.06856,0.06964,0.07099,0.07222,0.07399,0.07537,0.07594,0.0786,0.08347,0.08537,0.08729,0.08814
8/23/2024,0.06681,0.0676,0.0682,0.06495,0.06629,0.06718,0.06864,0.06972,0.07106,0.07229,0.07406,0.07545,0.07592,0.07869,0.08361,0.08544,0.08737,0.08822
8/22/2024,0.06693,0.06768,0.0682,0.06495,0.06629,0.06718,0.06864,0.06972,0.07106,0.07229,0.07406,0.07545,0.07592,0.0787,0.08354,0.08545,0.08737,0.08822
8/21/2024,0.06704,0.06783,0.0682,0.06502,0.06637,0.06722,0.06864,0.06972,0.07106,0.07229,0.07406,0.07545,0.07583,0.07858,0.08352,0.08536,0.08745,0.08822
8/20/2024,0.06715,0.06783,0.0682,0.06502,0.06637,0.06722,0.06864,0.06972,0.07106,0.07229,0.07406,0.07545,0.07583,0.07861,0.08351,0.08534,0.08745,0.08822
8/19/2024,0.06715,0.06783,0.0682,0.06502,0.06637,0.06722,0.06864,0.06972,0.07106,0.07229,0.07406,0.07545,0.07583,0.07873,0.08358,0.08538,0.08745,0.08822
8/16/2024,0.06693,0.06775,0.0682,0.0651,0.06629,0.06718,0.06864,0.06972,0.07106,0.07229,0.07406,0.07545,0.07587,0.0787,0.08355,0.08536,0.08745,0.08822
8/15/2024,0.06706,0.06783,0.0682,0.06518,0.06637,0.06722,0.06864,0.06972,0.07106,0.07229,0.07406,0.07545,0.07587,0.07867,0.08358,0.08536,0.08745,0.08822
8/14/2024,0.06693,0.06783,0.0682,0.06518,0.06637,0.06722,0.06864,0.06972,0.07106,0.07229,0.07406,0.07545,0.0759,0.07866,0.08354,0.08533,0.08745,0.08822
8/13/2024,0.06743,0.06787,0.0682,0.06525,0.06645,0.06729,0.06872,0.06979,0.07114,0.07237,0.07414,0.07552,0.07604,0.07875,0.08364,0.08541,0.08752,0.08829
8/12/2024,0.06768,0.06764,0.06762,0.06525,0.06652,0.06745,0.06879,0.06987,0.07114,0.07237,0.07414,0.07552,0.07602,0.07884,0.08371,0.08556,0.08752,0.08829
8/9/2024,0.06693,0.06764,0.06762,0.06525,0.06652,0.06745,0.06879,0.06987,0.07114,0.07237,0.07414,0.07552,0.07614,0.07887,0.08376,0.08556,0.08752,0.08829
8/8/2024,0.06706,0.06764,0.06762,0.06525,0.06652,0.06745,0.06879,0.06987,0.07114,0.07237,0.07414,0.07552,0.07606,0.07889,0.08377,0.08556,0.08752,0.08829
8/7/2024,0.06731,0.06791,0.06812,0.06541,0.06664,0.06756,0.06887,0.06995,0.07125,0.07249,0.07429,0.07568,0.07622,0.07903,0.08393,0.08571,0.08768,0.08845
8/6/2024,0.06743,0.06806,0.06862,0.06556,0.06687,0.06772,0.06906,0.0701,0.07133,0.07256,0.07437,0.07575,0.07625,0.07923,0.08407,0.08596,0.08775,0.08856
8/5/2024,0.06793,0.06806,0.06862,0.06556,0.06687,0.06772,0.06906,0.0701,0.07133,0.07256,0.07437,0.07575,0.07638,0.07948,0.08436,0.08605,0.08779,0.08856
8/2/2024,0.06781,0.06814,0.06862,0.06564,0.06695,0.06779,0.06914,0.07018,0.07141,0.07264,0.07445,0.07583,0.07646,0.0797,0.08462,0.08626,0.08787,0.08864
8/1/2024,0.06793,0.06814,0.06954,0.06564,0.06695,0.06779,0.06914,0.07018,0.07141,0.07264,0.07445,0.07583,0.07642,0.07971,0.08465,0.08626,0.08787,0.08864
7/31/2024,0.06781,0.06814,0.06954,0.06564,0.06695,0.06779,0.06914,0.07018,0.07141,0.07264,0.07445,0.07583,0.07644,0.07967,0.08465,0.08626,0.08787,0.08864
7/30/2024,0.06781,0.06814,0.06954,0.06545,0.06695,0.06772,0.06899,0.06995,0.07141,0.07264,0.07422,0.07545,0.07604,0.07929,0.08431,0.08588,0.08749,0.08826
7/29/2024,0.06766,0.06818,0.06954,0.06552,0.06702,0.06775,0.06902,0.06999,0.07152,0.07275,0.07433,0.07556,0.07619,0.07934,0.08437,0.08598,0.0876,0.08837
7/26/2024,0.06751,0.06818,0.06954,0.06552,0.0671,0.06775,0.06902,0.06999,0.07152,0.07275,0.07433,0.07556,0.07624,0.0794,0.08441,0.086,0.0876,0.08837
7/25/2024,0.06766,0.06818,0.06954,0.06552,0.0671,0.06775,0.06902,0.06999,0.07152,0.07275,0.07433,0.07556,0.0762,0.07944,0.08441,0.08604,0.08765,0.08842
7/24/2024,0.06773,0.06818,0.06954,0.06552,0.0671,0.06775,0.06902,0.06999,0.07152,0.07275,0.07433,0.07556,0.07619,0.0794,0.08437,0.08602,0.08765,0.08842
7/23/2024,0.06758,0.06787,0.0692,0.06541,0.06702,0.06768,0.06895,0.06991,0.07145,0.07268,0.07425,0.07549,0.07619,0.07939,0.08441,0.08605,0.0876,0.08837
7/22/2024,0.06773,0.06787,0.06914,0.06533,0.06702,0.06768,0.06895,0.06991,0.07145,0.07268,0.07425,0.07549,0.07618,0.07933,0.08436,0.08597,0.0876,0.08837
7/19/2024,0.06773,0.06787,0.0692,0.06533,0.06702,0.06768,0.06895,0.06991,0.07145,0.07268,0.07425,0.07549,0.07619,0.07932,0.08431,0.08596,0.0876,0.08837
7/18/2024,0.06787,0.06795,0.0692,0.06533,0.06702,0.06768,0.06895,0.06991,0.07145,0.07268,0.07425,0.07549,0.07614,0.07931,0.08435,0.08595,0.0876,0.08837
7/17/2024,0.06787,0.06802,0.06954,0.06541,0.0671,0.06775,0.06902,0.06999,0.07152,0.07275,0.07433,0.07556,0.07626,0.0794,0.08438,0.08602,0.08767,0.08844
7/16/2024,0.06801,0.0681,0.06987,0.06549,0.0671,0.06775,0.06902,0.06999,0.07152,0.07275,0.07433,0.07556,0.07626,0.07943,0.08443,0.08604,0.08767,0.08844
7/15/2024,0.06816,0.06818,0.0702,0.06556,0.06718,0.06783,0.0691,0.07006,0.0716,0.07283,0.07441,0.07564,0.07632,0.07948,0.08446,0.08619,0.08775,0.08852
7/12/2024,0.0683,0.06825,0.07054,0.06564,0.06725,0.06791,0.06918,0.07014,0.07168,0.07291,0.07449,0.07572,0.07643,0.07964,0.08457,0.08624,0.08783,0.0886
7/11/2024,0.0683,0.06825,0.07054,0.06572,0.06741,0.06799,0.06918,0.07014,0.07168,0.07291,0.07449,0.07572,0.07646,0.07963,0.08456,0.0863,0.08783,0.0886
7/10/2024,0.0683,0.06825,0.07054,0.06572,0.06741,0.06799,0.06918,0.07014,0.07168,0.07291,0.07449,0.07572,0.07648,0.07959,0.08456,0.08623,0.08783,0.0886
7/9/2024,0.0683,0.06825,0.07054,0.06572,0.06741,0.06799,0.06918,0.07014,0.07168,0.07291,0.07449,0.07572,0.07646,0.07952,0.08463,0.08629,0.08783,0.0886
7/8/2024,0.06758,0.06787,0.06987,0.06529,0.06702,0.06772,0.06899,0.06999,0.07149,0.07272,0.07429,0.07556,0.0763,0.07935,0.08433,0.08613,0.08767,0.08844
7/5/2024,0.06673,0.06779,0.06954,0.06529,0.06702,0.06764,0.06899,0.06999,0.07149,0.07272,0.07429,0.07556,0.0763,0.07937,0.08427,0.0861,0.08767,0.08844
7/4/2024,0.06687,0.06779,0.06954,0.06522,0.06695,0.06756,0.06891,0.06991,0.07149,0.07279,0.07429,0.07587,0.07656,0.07963,0.08454,0.08636,0.08798,0.08875
7/3/2024,0.06687,0.06779,0.06954,0.06522,0.06695,0.06756,0.06891,0.06991,0.07149,0.07279,0.07429,0.07587,0.0767,0.07956,0.08449,0.08633,0.08798,0.08875
7/2/2024,0.06712,0.06787,0.06954,0.06545,0.06702,0.06764,0.06899,0.06999,0.07156,0.07287,0.07437,0.07595,0.07681,0.07966,0.08462,0.08649,0.08806,0.08883
7/1/2024,0.06725,0.06802,0.06954,0.06545,0.06702,0.06764,0.06899,0.06999,0.07156,0.07287,0.07437,0.07595,0.0773,0.07982,0.08463,0.08655,0.08806,0.08883
6/28/2024,0.06712,0.06802,0.06954,0.06545,0.06702,0.06764,0.06899,0.06999,0.07156,0.07287,0.07437,0.07595,0.07669,0.07982,0.08476,0.08642,0.08801,0.08879
6/27/2024,0.06665,0.06772,0.06899,0.06514,0.06649,0.06718,0.06875,0.06972,0.07175,0.07299,0.07441,0.07575,0.07652,0.07955,0.08451,0.08621,0.08781,0.08859
6/26/2024,0.06643,0.06756,0.06868,0.06506,0.06649,0.06718,0.06875,0.06972,0.07175,0.07299,0.07441,0.07575,0.07635,0.07951,0.08461,0.08625,0.08781,0.08859
6/25/2024,0.06662,0.06687,0.06868,0.06506,0.06649,0.06718,0.06875,0.06972,0.07175,0.07299,0.07441,0.07575,0.07633,0.07958,0.08459,0.08631,0.08789,0.08864
6/24/2024,0.06662,0.06687,0.06868,0.06506,0.06649,0.06718,0.06875,0.06972,0.07175,0.07299,0.07441,0.07575,0.07643,0.07944,0.08459,0.0863,0.08789,0.08864
6/21/2024,0.06658,0.06662,0.06875,0.06514,0.0666,0.06729,0.06883,0.06979,0.07183,0.07306,0.07449,0.07583,0.07646,0.07946,0.08455,0.08637,0.08797,0.08872
6/20/2024,0.06658,0.06712,0.06875,0.06514,0.0666,0.06729,0.06883,0.06979,0.07183,0.07306,0.07449,0.07583,0.07652,0.07933,0.08439,0.08628,0.08797,0.08872
6/19/2024,0.06673,0.06737,0.06883,0.06522,0.06668,0.06737,0.06891,0.06987,0.07191,0.07314,0.07456,0.07591,0.07655,0.07981,0.08485,0.08668,0.0881,0.08885
6/18/2024,0.06673,0.06775,0.06891,0.06529,0.06675,0.06745,0.06899,0.06995,0.07199,0.07322,0.07468,0.07602,0.07671,0.07997,0.08501,0.0869,0.08821,0.08896
6/17/2024,0.06673,0.06775,0.06891,0.06529,0.06679,0.06756,0.06933,0.07052,0.07256,0.07387,0.07533,0.07683,0.07756,0.0806,0.08582,0.0877,0.08902,0.08977
6/14/2024,0.06658,0.0675,0.06879,0.06506,0.06641,0.06718,0.06895,0.0701,0.0721,0.07349,0.07475,0.07614,0.07683,0.07994,0.08512,0.0871,0.08833,0.08908
6/13/2024,0.06644,0.0675,0.06879,0.06506,0.06641,0.06718,0.06895,0.0701,0.0721,0.07349,0.07475,0.07614,0.07702,0.07991,0.08512,0.087,0.08835,0.08902
6/12/2024,0.06644,0.0675,0.06879,0.06506,0.06649,0.06718,0.06895,0.0701,0.0721,0.07349,0.07475,0.07614,0.07722,0.08008,0.08525,0.08729,0.08827,0.08904
6/11/2024,0.06644,0.0675,0.06879,0.06499,0.06641,0.0671,0.06895,0.0701,0.0721,0.07349,0.07475,0.07614,0.07722,0.08015,0.08524,0.08735,0.08827,0.08904
6/10/2024,0.06644,0.0675,0.06879,0.06499,0.06641,0.0671,0.06895,0.0701,0.0721,0.07349,0.07475,0.07614,0.07711,0.08004,0.08519,0.08717,0.08827,0.08904
6/7/2024,0.06644,0.0675,0.06879,0.06499,0.06641,0.0671,0.06895,0.0701,0.0721,0.07349,0.07475,0.07614,0.07713,0.08011,0.08524,0.08718,0.08829,0.08906
6/6/2024,0.06644,0.06762,0.06883,0.06499,0.06641,0.0671,0.06895,0.0701,0.0721,0.07349,0.07475,0.07614,0.07725,0.08013,0.0853,0.08725,0.08829,0.08906
6/5/2024,0.0663,0.06812,0.06883,0.06499,0.06641,0.0671,0.06895,0.0701,0.0721,0.07349,0.07475,0.07614,0.07719,0.08007,0.08522,0.08716,0.08825,0.089
6/4/2024,0.06644,0.06812,0.06883,0.06499,0.06641,0.0671,0.06895,0.0701,0.0721,0.07349,0.07475,0.07614,0.07728,0.08004,0.0852,0.08716,0.08825,0.089
6/3/2024,0.06644,0.06812,0.06883,0.06499,0.06637,0.0671,0.06895,0.0701,0.0721,0.07349,0.07468,0.07614,0.07742,0.08005,0.08527,0.08732,0.08825,0.089
5/31/2024,0.06687,0.0675,0.06895,0.06506,,0.06679,,0.06941,,0.07295,,0.07575,0.07708,0.07985,0.0852,0.08692,0.08786,0.08861
5/30/2024,0.06725,0.0675,0.06895,0.06506,,0.06679,,0.06941,,0.07295,,0.07575,0.07715,0.08,0.08529,0.08693,0.08786,0.08861
5/29/2024,0.06712,0.0675,0.06864,0.06483,,0.06633,,0.06941,,0.07295,,0.07575,0.07711,0.07994,0.08528,0.08687,0.08786,0.08852
5/28/2024,0.06762,0.0675,0.06864,0.06468,,0.06633,,0.06949,,0.07302,,0.07583,0.07729,0.08012,0.08552,0.08705,0.08794,0.0886
5/27/2024,0.06798,0.06725,0.06864,0.06468,,0.06633,,0.06949,,0.07302,,0.07583,0.07737,0.08039,0.08577,0.08725,0.08794,0.0886
5/24/2024,0.06716,0.06737,0.0681,0.06406,,0.06595,,0.06941,,0.07295,,0.07575,0.07721,0.08024,0.08591,0.08734,0.0879,0.08856
5/23/2024,0.06708,0.06712,0.0676,0.06364,,0.06564,,0.06914,,0.07295,,0.07575,0.07729,0.08051,0.08595,0.08742,0.08781,0.08848
5/22/2024,0.06523,0.06554,0.06641,0.0626,,0.0646,,0.06818,,0.07179,,0.07522,0.07709,0.08003,0.08516,0.08697,0.08718,0.08785
5/21/2024,0.06451,0.06462,0.06575,0.0621,,0.06418,,0.06806,,0.07172,,0.07514,0.07669,0.07925,0.08406,0.08625,0.08702,0.08777
5/20/2024,0.06423,0.06462,0.06575,0.0621,,0.06418,,0.06806,,0.07172,,0.07514,0.07671,0.0793,0.08412,0.08628,0.08702,0.08777
5/17/2024,0.06423,0.06445,0.06575,0.0621,,0.06418,,0.06806,,0.07172,,0.07514,0.07669,0.07927,0.08403,0.08617,0.08702,0.08777
5/16/2024,0.06444,0.06445,0.06579,0.0621,,0.06418,,0.06806,,0.07172,,0.07514,0.07673,0.0793,0.08409,0.08613,0.08702,0.08777
5/15/2024,0.06466,0.06537,0.06533,0.06187,,0.0641,,0.06806,,0.07172,,0.07514,0.0769,0.07941,0.08416,0.08633,0.08702,0.08777
5/14/2024,0.06387,0.06495,0.06487,0.06133,,0.06395,,0.06806,,0.07172,,0.07514,0.07686,0.07944,0.08418,0.0863,0.08702,0.08777
5/13/2024,0.06287,0.06429,0.06487,0.06133,,0.06395,,0.06806,,0.07172,,0.07514,0.07673,0.07915,0.08394,0.08612,0.08687,0.0876
5/10/2024,0.0627,0.06429,0.06456,0.0611,,0.06387,,0.06799,,0.07164,,0.07506,0.07662,0.07904,0.0838,0.08604,0.08679,0.08752
5/9/2024,0.0627,0.06429,0.06449,0.06102,,0.06379,,0.06791,,0.07156,,0.07499,0.07657,0.07887,0.08381,0.08595,0.08672,0.08745
5/8/2024,0.06254,0.06412,0.06418,0.06072,,0.06379,,0.06791,,0.07156,,0.07499,0.07659,0.07872,0.08382,0.08581,0.08672,0.08749
5/7/2024,0.06245,0.06362,0.06433,0.06072,,0.06379,,0.06791,,0.07156,,0.07499,0.0763,0.07844,0.08362,0.08569,0.08655,0.08732
5/6/2024,0.06245,0.06395,0.06425,0.06072,,0.06379,,0.06791,,0.07156,,0.07499,0.07649,0.0788,0.08363,0.08576,0.08659,0.08732
5/4/2024,0.06179,0.06445,0.06418,0.06064,,0.06402,,0.06791,,0.07156,,0.07499,0.0768,0.079,0.08393,0.086,0.08655,0.08726
5/3/2024,0.06179,0.06445,0.06418,0.06064,,0.06402,,0.06791,,0.07156,,0.07499,0.0768,0.079,0.08393,0.086,0.08655,0.08726
5/2/2024,0.06179,0.06437,0.0641,0.06056,,0.06395,,0.06791,,0.07156,,0.07499,0.07689,0.07903,0.08394,0.086,0.08655,0.08726
4/26/2024,0.06212,0.06457,0.06402,0.06056,,0.06402,,0.06799,,0.07164,,0.07506,0.07701,0.07916,0.08403,0.08606,0.08658,0.08729
4/25/2024,0.06195,0.06457,0.06364,0.06033,,0.06395,,0.06791,,0.07156,,0.07499,0.07695,0.07917,0.08396,0.08608,0.08651,0.08722
4/24/2024,0.06237,0.06417,0.06333,0.05987,,0.06372,,0.06772,,0.07156,,0.07499,0.07726,0.07927,0.08415,0.08625,0.08651,0.08722
4/23/2024,0.06104,0.06377,0.06302,0.05964,,0.06356,,0.06772,,0.07156,,0.07499,0.07727,0.0794,0.08425,0.08637,0.08668,0.08739
4/22/2024,0.06104,0.06357,0.06302,0.05949,,0.06356,,0.06764,,0.07149,,0.07487,0.07741,0.07943,0.08425,0.0863,0.08656,0.08727
4/19/2024,0.06037,0.06367,0.06264,0.05918,,0.06395,,0.06764,,0.07149,,0.07487,0.07741,0.07958,0.08418,0.0863,0.08656,0.08727
4/17/2024,0.06037,0.06427,0.0632,0.05879,,0.06395,,0.06764,,0.07149,,0.07487,0.07739,0.0795,0.08438,0.08617,0.08651,0.08735
4/16/2024,0.06004,0.06387,0.06287,0.05764,,0.06349,,0.06718,,0.0711,,0.07449,0.07691,0.07921,0.08405,0.08626,0.08617,0.08701
4/15/2024,0.0592,0.06187,0.06154,0.0571,,0.06318,,0.06695,,0.07095,,0.07425,0.07696,0.07902,0.08391,0.0858,0.08627,0.08711
4/12/2024,0.05895,0.05927,0.0612,0.05641,,0.0631,,0.06695,,0.07095,,0.07425,0.07678,0.07881,0.08361,0.08568,0.08627,0.0871
4/11/2024,0.05373,0.05712,0.05887,0.05575,,0.06299,,0.06687,,0.07079,,0.0741,0.0761,0.07823,0.08319,0.08519,0.08612,0.08695
4/10/2024,0.05344,0.05687,0.05854,0.05575,,0.06299,,0.06687,,0.07079,,0.0741,0.07588,0.07812,0.08301,0.08519,0.08616,0.08703
4/9/2024,0.05344,0.05612,0.0582,0.0556,,0.06299,,0.06687,,0.07079,,0.0741,0.07581,0.07804,0.08265,0.08496,0.08571,0.08671
4/8/2024,0.05301,0.056,0.05787,0.05552,,0.06299,,0.06687,,0.07079,,0.0741,0.07648,0.07835,0.08314,0.08514,0.08575,0.08683
4/5/2024,0.05316,0.056,0.05787,0.05545,,0.06299,,0.06718,,0.07079,,0.0741,0.07659,0.07866,0.08375,0.08559,0.08616,0.08707
4/4/2024,0.05344,0.05712,0.0582,0.05552,,0.06299,,0.06718,,0.07079,,0.0741,0.07723,0.08005,0.08405,0.086,0.08614,0.0871
4/3/2024,0.05301,0.05762,0.0572,0.05545,,0.06299,,0.06718,,0.07079,,0.0741,0.07726,0.08008,0.08389,0.0856,0.08601,0.08705
4/2/2024,0.05187,0.05654,0.05954,0.05387,,0.06314,,0.06733,,0.07087,,0.07425,0.0777,0.08061,0.08466,0.08625,0.08671,0.08787
4/1/2024,0.0485,0.05454,0.05587,0.05525,,0.06345,,0.06772,,0.07125,,0.07464,0.07657,0.08038,0.08461,0.08637,0.08772,0.08864
3/29/2024,0.04701,0.05112,0.05487,0.05495,,0.06345,,0.06764,,0.07125,,0.07456,0.07645,0.08056,0.08458,0.08644,0.08789,0.08881
3/28/2024,0.04508,0.05037,0.05387,0.05483,,0.06329,,0.06752,,0.07118,,0.07456,0.07624,0.0801,0.08436,0.08612,0.08767,0.08886
3/27/2024,0.04466,0.04962,0.05354,0.05449,,0.06322,,0.0676,,0.07133,,0.07449,0.07623,0.08003,0.08471,0.08652,0.08805,0.08926
3/26/2024,0.04451,0.04937,0.05354,0.05441,,0.06314,,0.06752,,0.07125,,0.07441,0.07652,0.08051,0.08497,0.08687,0.08847,0.08987
3/25/2024,0.04437,0.04925,0.05287,0.05414,,0.06306,,0.06745,,0.07118,,0.07425,0.07623,0.08007,0.08473,0.08655,0.08831,0.08959
3/22/2024,0.04404,0.04912,0.05287,0.05406,,0.06299,,0.06737,,0.0711,,0.07418,0.07633,0.08012,0.08503,0.08696,0.08871,0.08999
3/21/2024,0.0437,0.04912,0.05287,0.05375,,0.06283,,0.06722,,0.07095,,0.07402,0.07616,0.07992,0.08474,0.08664,0.08851,0.08972
3/20/2024,0.04304,0.04907,0.05399,0.05368,,0.06283,,0.06729,,0.07095,,0.07402,0.07616,0.07998,0.08479,0.08667,0.08845,0.08958
3/19/2024,0.04216,0.04887,0.05383,0.05429,,0.06314,,0.06752,,0.07137,,0.07425,0.07657,0.08024,0.08521,0.08713,0.08898,0.09011
3/18/2024,0.04244,0.04867,0.05383,0.05422,,0.06322,,0.06752,,0.07133,,0.07433,0.0769,0.08037,0.08559,0.08746,0.08933,0.09046
3/15/2024,0.04244,0.04887,0.05383,0.05437,,0.06322,,0.06752,,0.07133,,0.07433,0.07673,0.08046,0.08565,0.08747,0.08941,0.09054
3/14/2024,0.042,0.04907,0.05391,0.0546,,0.06329,,0.06768,,0.07141,,0.07449,0.07686,0.08058,0.08568,0.08757,0.08963,0.0908
3/13/2024,0.042,0.04887,0.05383,0.0546,,0.06329,,0.06768,,0.07141,,0.07449,0.07691,0.08059,0.08584,0.08758,0.08963,0.0908
3/12/2024,0.04181,0.04827,0.05383,0.05445,,0.06329,,0.06768,,0.07141,,0.07449,0.07667,0.08058,0.08565,0.08762,0.08968,0.09085
3/11/2024,0.04008,0.04837,0.05399,0.05456,,0.06356,,0.06775,,0.07172,,0.07525,0.0774,0.0812,0.08656,0.08867,0.09089,0.09221
3/8/2024,0.04023,0.04844,0.05422,0.05541,,0.06379,,0.06799,,0.07187,,0.07541,0.07758,0.08157,0.08714,0.08923,0.09108,0.09256
3/7/2024,0.04125,0.04854,0.0546,0.05564,,0.06449,,0.06814,,0.07187,,0.07541,0.07739,0.0814,0.08658,0.08861,0.09108,0.09256
3/6/2024,0.03987,0.04887,0.05468,0.05568,,0.06449,,0.06822,,0.07187,,0.07541,0.07726,0.08113,0.08622,0.08848,0.09128,0.09283
3/5/2024,0.04037,0.04887,0.05483,0.05583,,0.06464,,0.06837,,0.07202,,0.07556,0.07741,0.08114,0.08622,0.08848,0.09143,0.093
3/4/2024,0.04037,0.04887,0.05491,0.05591,,0.06472,,0.06845,,0.0721,,0.07564,0.07743,0.08125,0.08624,0.08851,0.09145,0.09302
3/1/2024,0.041,0.04904,0.05499,0.05599,,0.06472,,0.06845,,0.07218,,0.07564,0.0775,0.08128,0.08623,0.08857,0.09141,0.09302
2/29/2024,0.04037,0.04904,0.05575,0.05668,,0.06502,,0.06875,,0.07249,,0.07595,0.07767,0.08162,0.08674,0.08899,0.09172,0.09333
2/28/2024,0.04137,0.04904,0.05552,0.05652,,0.06495,,0.06868,,0.07241,,0.07587,0.07781,0.08164,0.08659,0.08887,0.09169,0.09342
2/27/2024,0.04098,0.04927,0.05575,0.05668,,0.06502,,0.06875,,0.07249,,0.07595,0.07782,0.08156,0.0866,0.08898,0.09158,0.09339
2/26/2024,0.04076,0.04967,0.0556,0.05675,,0.0651,,0.06883,,0.07256,,0.07602,0.07799,0.08237,0.08705,0.08943,0.09175,0.09371
2/23/2024,0.04087,0.04967,0.05575,0.05691,,0.06525,,0.06899,,0.07272,,0.07618,0.07813,0.08237,0.08696,0.08933,0.09183,0.09349
2/22/2024,0.04087,0.04967,0.05552,0.05668,,0.0651,,0.06875,,0.07249,,0.07595,0.0779,0.08196,0.08673,0.08889,0.0917,0.09343
2/21/2024,0.04076,0.04967,0.05499,0.05614,,0.06456,,0.06822,,0.07195,,0.07541,0.07747,0.08139,0.0863,0.08855,0.09141,0.09312
2/20/2024,0.03554,0.04927,0.0546,0.05591,,0.06449,,0.06814,,0.07187,,0.07533,0.07731,0.08132,0.08617,0.08836,0.09133,0.09308
2/19/2024,0.03509,0.04947,0.0546,0.05591,,0.06441,,0.0681,,0.07172,,0.07518,0.07715,0.08113,0.08604,0.0883,0.09118,0.09289
2/16/2024,0.03509,0.04987,0.05441,0.05591,,0.06425,,0.06795,,0.07156,,0.07502,0.077,0.08092,0.08585,0.08806,0.09102,0.09273
2/15/2024,0.03537,0.04937,0.05441,0.05595,,0.06449,,0.06822,,0.07164,,0.07518,0.0773,0.08134,0.08625,0.08831,0.09135,0.0931
2/7/2024,0.03531,0.05047,0.05449,0.05595,,0.06464,,0.06852,,0.07202,,0.07533,0.07756,0.08167,0.0864,0.08852,0.09166,0.09379
2/6/2024,0.03609,0.05007,0.05456,0.05602,,0.06479,,0.06868,,0.07218,,0.07549,0.07773,0.08182,0.08674,0.08874,0.09182,0.09395
2/5/2024,0.03509,0.05027,0.05441,0.05602,,0.06479,,0.06868,,0.07233,,0.07549,0.0777,0.08193,0.08672,0.08873,0.09174,0.09395
2/2/2024,0.03487,0.04962,0.05425,0.05618,,0.06533,,0.06906,,0.07264,,0.07583,0.0781,0.08222,0.0869,0.08913,0.09208,0.09429
2/1/2024,0.03431,0.05025,0.05395,0.0561,,0.06518,,0.06906,,0.0726,,0.07572,0.07769,0.08204,0.08671,0.08886,0.09197,0.09418
1/31/2024,0.03465,0.04987,0.05137,0.05633,,0.06518,,0.06906,,0.07264,,0.07572,0.07768,0.08192,0.08663,0.08873,0.09197,0.09405
1/30/2024,0.03365,0.04954,0.0507,0.0561,,0.06502,,0.06891,,0.07249,,0.07556,0.07761,0.08172,0.08659,0.08868,0.09181,0.09431
1/29/2024,0.03376,0.04954,0.05104,0.05672,,0.06541,,0.06922,,0.07268,,0.07587,0.07793,0.0822,0.08678,0.08893,0.09203,0.09426
1/26/2024,0.03387,0.0502,0.05104,0.05691,,0.06525,,0.0686,,0.07175,,0.07472,0.07677,0.08096,0.08564,0.08759,0.09088,0.09286
1/25/2024,0.03398,0.0502,0.05104,0.05691,,0.06525,,0.0686,,0.07175,,0.07472,0.0765,0.08074,0.0853,0.08722,0.09086,0.09278
1/24/2024,0.03476,0.0502,0.05104,0.05718,,0.06525,,0.0686,,0.07175,,0.07472,0.07612,0.08039,0.08494,0.08703,0.09082,0.0928
1/23/2024,0.0352,0.05054,0.05137,0.05749,,0.06591,,0.06918,,0.0726,,0.0751,0.07702,0.08091,0.08538,0.08751,0.09116,0.09314
1/22/2024,0.03498,0.05054,0.05187,0.05795,,0.06629,,0.06964,,0.0726,,0.07533,0.07713,0.0813,0.08574,0.08773,0.09147,0.09285
1/19/2024,0.03487,0.05054,0.0522,0.05795,,0.06629,,0.06964,,0.0726,,0.07533,0.07745,0.08152,0.08572,0.08771,0.09137,0.09335
1/18/2024,0.03509,0.05054,0.05254,0.05795,,0.06629,,0.06968,,0.0726,,0.07533,0.07737,0.0813,0.08563,0.0876,0.09121,0.09329
1/17/2024,0.03576,0.05187,0.05254,0.05829,,0.06675,,0.07018,,0.07291,,0.07541,0.07753,0.08147,0.08564,0.08767,0.09188,0.09365
1/16/2024,0.03698,0.0532,0.05287,0.05875,,0.06714,,0.07056,,0.07345,,0.07595,0.07767,0.08148,0.08568,0.08778,0.09207,0.09372
1/15/2024,0.03998,0.0532,0.05752,0.05875,,0.06725,,0.07072,,0.07372,,0.07618,0.0782,0.08188,0.08594,0.08797,0.09172,0.09391
1/12/2024,0.04097,0.05379,0.05768,0.05891,,0.06733,,0.07079,,0.07379,,0.07625,0.07663,0.07965,0.08354,0.08553,0.08929,0.09148
1/11/2024,0.04117,0.05379,0.05775,0.05891,,0.06733,,0.07079,,0.07379,,0.07625,0.07618,0.07936,0.08326,0.0853,0.0893,0.09115
1/10/2024,0.04137,0.05379,0.05791,0.05891,,0.06733,,0.07079,,0.07379,,0.07625,0.07627,0.07916,0.08306,0.085,0.08927,0.09079
1/9/2024,0.04177,0.05387,0.05822,0.05899,,0.06733,,0.07079,,0.07379,,0.07625,0.07616,0.07955,0.08301,0.08493,0.08913,0.09063
1/8/2024,0.04207,0.05433,0.05852,0.0567,,0.06772,,0.07102,,0.07402,,0.07656,0.0767,0.07969,0.08325,0.08519,0.09014,0.09089
1/5/2024,0.04327,0.05441,0.05883,0.0572,,0.06772,,0.07102,,0.07402,,0.07656,0.07657,0.07971,0.08352,0.08544,0.09006,0.09098
1/4/2024,0.04417,0.05441,0.05879,0.06135,,0.06787,,0.07125,,0.07418,,0.07672,0.07682,0.08074,0.0842,0.08618,0.09034,0.09134
1/3/2024,0.04592,0.05502,0.05956,0.06225,,0.06825,,0.07164,,0.07456,,0.0771,0.0771,0.0811,0.0847,0.08664,0.09072,0.09174
1/2/2024,0.04755,0.05572,0.06056,0.06218,,0.0691,,0.07256,,0.07564,,0.0781,0.07789,0.08185,0.08522,0.08715,0.09158,0.0926
12/29/2023,0.04776,0.05616,0.05687,0.06216,,0.06945,,0.07287,,0.07612,,0.07866,0.07833,0.08241,0.08537,0.08735,0.09205,0.09307
12/28/2023,0.04776,0.05612,0.05687,0.06208,,0.06937,,0.07279,,0.07604,,0.07858,0.07825,0.08214,0.0852,0.08723,0.09197,0.09299
12/27/2023,0.04787,0.05616,0.05687,0.06216,,0.06937,,0.07279,,0.07604,,0.07858,0.07819,0.08214,0.08497,0.08707,0.09199,0.09301
12/26/2023,0.04776,0.05616,0.05687,0.06208,,0.06929,,0.0727,,0.07595,,0.0785,0.07834,0.08192,0.08489,0.08692,0.09191,0.09293
12/25/2023,0.04754,0.05616,0.05687,0.06208,,0.06929,,0.0727,,0.07595,,0.0785,0.07846,0.08185,0.08498,0.08679,0.09188,0.09293
12/22/2023,0.04731,0.056,0.05687,0.062,,0.0692,,0.07262,,0.07587,,0.07841,0.07806,0.08169,0.08486,0.08683,0.09173,0.0928
