Date,3M,6M,9M,1Y,15M,18M,21M,2Y,27M,30M,33M,3Y
2024-06-03,0.047778002,0.049139667,0.049531087,0.050331832,0.051857439,0.052599194,0.054334511,0.055317084,0.057404185,0.058837224,0.059972875,0.061348842
2024-06-04,0.047781116,0.049139667,0.049531087,0.050331832,0.05189723,0.052599194,0.054334511,0.055317084,0.057403785,0.058837224,0.060043016,0.061348842
2024-06-05,0.04764279,0.049139667,0.049531087,0.050331832,0.051897603,0.052599194,0.054334511,0.055317084,0.057399307,0.058832557,0.060043016,0.061344656
2024-06-06,0.047781116,0.048651776,0.049531087,0.050331832,0.051890539,0.0525977,0.054334511,0.055312601,0.057394194,0.058831101,0.060038594,0.061340527
2024-06-07,0.047774888,0.048528263,0.049492541,0.050325008,0.051891109,0.052596986,0.054329921,0.055307189,0.057398436,0.05883433,0.060034792,0.06134
2024-06-10,0.047781116,0.048534664,0.049492541,0.050331832,0.05189723,0.052604648,0.0543352,0.055317084,0.057403785,0.058840924,0.060043504,0.061348842
2024-06-11,0.047781116,0.048534664,0.049492541,0.050331832,0.05189723,0.052604648,0.0543352,0.055317084,0.057403785,0.058840924,0.060043504,0.061348842
2024-06-12,0.047781116,0.048534664,0.049492541,0.050398394,0.05197403,0.052681991,0.0543352,0.055315186,0.057396556,0.058833436,0.060043504,0.061343242
2024-06-13,0.047781116,0.048534664,0.049492541,0.050398394,0.051890539,0.052676076,0.0543352,0.055310709,0.057394194,0.058828992,0.060039082,0.061339111
2024-06-14,0.047913173,0.048528263,0.049492541,0.050391552,0.05189073,0.052674312,0.054329921,0.055305285,0.0573982,0.058831507,0.060034792,0.061338575
2024-06-17,0.048067634,0.048778639,0.049608175,0.050617066,0.052261214,0.053047116,0.05470229,0.055718699,0.057844586,0.05920111,0.060608646,0.062022092
2024-06-18,0.048067634,0.048778639,0.049608175,0.050617066,0.052222823,0.05294079,0.054371994,0.055162617,0.057284191,0.058558647,0.059970368,0.061227814
2024-06-19,0.048067634,0.048407785,0.049531087,0.050550519,0.052155636,0.052866821,0.05429565,0.055086461,0.057202926,0.058479587,0.059854172,0.061117333
2024-06-20,0.047919438,0.048163765,0.049453994,0.050474459,0.05207251,0.052785736,0.054219301,0.055006166,0.057121966,0.05839988,0.059783692,0.061037392
2024-06-21,0.047913173,0.047669457,0.049453994,0.050467597,0.052073086,0.052788474,0.054214048,0.055000738,0.057126167,0.058405366,0.05977942,0.061036823
2024-06-24,0.047958958,0.047919715,0.049386534,0.050398394,0.05197355,0.052687546,0.054142775,0.054944428,0.057056065,0.058344622,0.059711814,0.060969345
2024-06-25,0.047958958,0.047919715,0.049386534,0.050398394,0.05197355,0.052687546,0.054142775,0.054944428,0.057056065,0.058344622,0.059711814,0.060969345
2024-06-26,0.047771236,0.048593221,0.049386534,0.050398394,0.051974057,0.052681463,0.054142775,0.054944428,0.057051753,0.058335986,0.059711814,0.060965222
2024-06-27,0.047988597,0.048749364,0.049685259,0.050474459,0.051966761,0.052674144,0.054137461,0.054937887,0.057046504,0.058330601,0.059703694,0.060959532
2024-06-28,0.048446514,0.049035564,0.05021509,0.050762215,0.052474623,0.053114224,0.054355904,0.055187403,0.056846122,0.058195927,0.059643555,0.061143419
2024-07-01,0.048581339,0.049035564,0.050211679,0.050769157,0.052480539,0.053107539,0.054360189,0.055197314,0.056851265,0.058187892,0.059652039,0.061152272
2024-07-02,0.048452919,0.048892488,0.050211679,0.050769157,0.052480889,0.053114284,0.054360189,0.055197314,0.056851477,0.058189303,0.059652039,0.061152272
2024-07-03,0.048205946,0.048814434,0.050211679,0.050550519,0.052414389,0.053040694,0.054282481,0.055125485,0.056780592,0.058118675,0.059570657,0.061075319
2024-07-04,0.048205946,0.04880796,0.050211679,0.050550519,0.052407564,0.053038889,0.054277262,0.055121061,0.056775636,0.058121077,0.059566369,0.061071209
2024-07-05,0.048061331,0.048811197,0.05020145,0.050610165,0.052475693,0.053121602,0.054347899,0.055191744,0.056777831,0.058053689,0.059561868,0.060753125
2024-07-08,0.048907309,0.048892488,0.050529434,0.050617066,0.052479651,0.053200619,0.054354481,0.05520164,0.056781779,0.05805203,0.059567897,0.0607619
2024-07-09,0.049618424,0.049263202,0.051174339,0.051025759,0.052851875,0.053458142,0.054527392,0.055336321,0.056955548,0.058224736,0.059752781,0.060908568
2024-07-10,0.049618424,0.049263202,0.051174339,0.051025759,0.052851875,0.053458142,0.054527392,0.055336321,0.056951018,0.05822697,0.059748482,0.060904507
2024-07-11,0.049618424,0.049256609,0.051174339,0.051025759,0.052844949,0.053450222,0.054522165,0.055331884,0.056945983,0.058222573,0.059744145,0.060900359
2024-07-12,0.049611709,0.049259905,0.051167257,0.050942744,0.052692016,0.053378389,0.054518192,0.055328521,0.056955131,0.058230371,0.059744889,0.060901333
2024-07-15,0.049480162,0.049194918,0.050847113,0.050873706,0.052631606,0.053304147,0.0544556,0.055262621,0.056884179,0.058155684,0.059679865,0.060834342
2024-07-16,0.049332018,0.049116876,0.050529434,0.050807176,0.052555254,0.053227548,0.054383618,0.055196233,0.056808131,0.058074991,0.059606815,0.060757895
2024-07-17,0.049193746,0.049038831,0.050211679,0.050731136,0.052555632,0.053222241,0.054389329,0.055198395,0.056803839,0.058070947,0.059606535,0.060755449
2024-07-18,0.049193746,0.048964024,0.049884216,0.050655091,0.052472039,0.053153408,0.054321968,0.055118099,0.056732431,0.058006628,0.059528927,0.060685589
2024-07-19,0.049048904,0.048889241,0.049877484,0.050648179,0.05247295,0.053159542,0.054318187,0.055112635,0.056736772,0.058012071,0.059529772,0.060684977
2024-07-22,0.049055469,0.048892488,0.04982642,0.050655091,0.052479247,0.053161956,0.054328251,0.055122515,0.056742137,0.058013666,0.059538241,0.060693742
2024-07-23,0.048907309,0.048892488,0.049884216,0.050731136,0.052479651,0.053161956,0.054327213,0.055120355,0.056742382,0.058009227,0.05953751,0.060692142
2024-07-24,0.049055469,0.049194918,0.050211679,0.05083569,0.052556009,0.053220809,0.054389329,0.055195422,0.056804067,0.058069998,0.059606535,0.060753251
2024-07-25,0.048986329,0.049165349,0.050211679,0.05083569,0.052549344,0.053202,0.054381458,0.055191003,0.056799199,0.058061137,0.059599006,0.060749125
2024-07-26,0.04883166,0.049168633,0.050211679,0.050828729,0.052550301,0.053207396,0.054384085,0.055185504,0.056803577,0.058066117,0.059604373,0.060748497
2024-07-29,0.048986329,0.049178485,0.050211679,0.05083569,0.052479435,0.053214679,0.054389329,0.055195422,0.056811197,0.058070931,0.059610834,0.060757294
2024-07-30,0.049134485,0.049142771,0.050194633,0.050769157,0.052411862,0.053188485,0.054333659,0.055158295,0.05670479,0.057960109,0.059471225,0.060649352
2024-07-31,0.049134485,0.049146052,0.050198041,0.050949735,0.052411862,0.05325255,0.054480208,0.055377505,0.056700283,0.057954758,0.059695819,0.061015436
2024-08-01,0.049253006,0.049149333,0.05020145,0.050949735,0.052404727,0.05325798,0.054486047,0.055373053,0.056695132,0.057961924,0.059703467,0.061011284
2024-08-02,0.049127899,0.049152615,0.049318833,0.050942744,0.052405573,0.053263417,0.054507887,0.055367527,0.05669943,0.057966898,0.059722396,0.061010661
2024-08-05,0.049253006,0.049077854,0.049328709,0.050873706,0.05233477,0.053198912,0.054444999,0.055301639,0.056628287,0.057891903,0.059660664,0.060943691
2024-08-06,0.048759144,0.049077854,0.049328709,0.050873706,0.052336112,0.053198912,0.054444999,0.055301639,0.0566291,0.057887497,0.059660664,0.060943691
2024-08-07,0.048640608,0.048931514,0.048846733,0.050731136,0.052115692,0.053039624,0.054268994,0.055159375,0.056553145,0.057819874,0.059593815,0.060878143
2024-08-08,0.048393647,0.04866164,0.048364584,0.050579039,0.051994463,0.052933932,0.054199842,0.055081239,0.056444045,0.05770841,0.059448306,0.06071909
2024-08-09,0.048258866,0.048664857,0.048364584,0.050572148,0.051995356,0.052939297,0.054194537,0.05507579,0.056448341,0.057713326,0.059444055,0.060718489
2024-08-12,0.049006083,0.048668075,0.048364584,0.050579039,0.051999522,0.05294169,0.054199842,0.055085651,0.056452404,0.057714906,0.059452631,0.060727249
2024-08-13,0.048759144,0.048892488,0.048923861,0.050579039,0.051932994,0.052784963,0.054121855,0.055007605,0.05645498,0.057714674,0.059448269,0.060730521
2024-08-14,0.048265221,0.048853462,0.048923861,0.05051249,0.051857526,0.05269101,0.054044113,0.054941198,0.056374979,0.057610215,0.059371157,0.060660094
2024-08-15,0.048393647,0.048846977,0.048923861,0.05051249,0.051850506,0.052689265,0.054044113,0.054936813,0.056369913,0.057612518,0.059366854,0.060656008
2024-08-16,0.048258866,0.048772174,0.048923861,0.050429575,0.051774597,0.052656654,0.054038874,0.054933542,0.056376676,0.057619282,0.059362616,0.060657017
2024-08-19,0.048482555,0.048853462,0.048923861,0.050360359,0.05185694,0.05270583,0.054044113,0.054945504,0.056379099,0.057628942,0.059371157,0.060667345
2024-08-20,0.048482555,0.048853462,0.048923861,0.050360359,0.05185694,0.052708787,0.054044113,0.054945504,0.056379099,0.057627893,0.059371157,0.060667345
2024-08-21,0.048373889,0.048853462,0.048923861,0.050360359,0.051857233,0.052711743,0.054044113,0.054945504,0.056374801,0.057633392,0.059371157,0.060663288
2024-08-22,0.048265221,0.04870066,0.048923861,0.050293795,0.051774066,0.052672605,0.054044113,0.054947389,0.056372608,0.057638001,0.059366854,0.060666719
2024-08-23,0.048140346,0.048625831,0.048923861,0.050286981,0.051774922,0.052678641,0.054038874,0.054937594,0.056376875,0.057643371,0.059362616,0.060660032
2024-08-26,0.047899678,0.047750644,0.048605681,0.050217716,0.051781704,0.052650347,0.053972013,0.054871482,0.056313565,0.057582052,0.059308043,0.060592877
2024-08-27,0.047899678,0.047750644,0.048287424,0.050075053,0.051714496,0.052572985,0.053909618,0.054797448,0.05623691,0.057580411,0.059314676,0.060599141
2024-08-28,0.047771236,0.047750644,0.048123444,0.050075053,0.05171484,0.052567084,0.053912524,0.054797448,0.056232664,0.057576007,0.059316729,0.060595079
2024-08-29,0.047405648,0.047431524,0.047805073,0.049998957,0.051632379,0.052502319,0.053840391,0.054720315,0.056152107,0.057500304,0.059319412,0.060586363
2024-08-30,0.047271091,0.047434582,0.047805073,0.049766799,0.051412474,0.05234762,0.053679625,0.054557694,0.056015701,0.057356192,0.059160974,0.060440038
2024-09-04,0.04728024,0.048091957,0.047805073,0.04978015,0.051417236,0.052347729,0.053684836,0.054581299,0.056019612,0.057360577,0.059169454,0.06045925
2024-09-05,0.04777435,0.048091957,0.047476975,0.04978015,0.051415942,0.052347729,0.053690626,0.054576943,0.056014393,0.057360577,0.059169235,0.060455228
2024-09-06,0.047161644,0.048091957,0.047476975,0.049773473,0.051410965,0.052347729,0.053685398,0.054571654,0.056010587,0.057356207,0.059165069,0.060454698
2024-09-09,0.047161644,0.048088814,0.04715845,0.049627908,0.05126389,0.052123036,0.053326705,0.054361089,0.055867068,0.057207906,0.058961334,0.060082197
2024-09-10,0.047033162,0.048091957,0.04715845,0.049627908,0.051264225,0.052125339,0.053326705,0.054361089,0.055867272,0.057209434,0.058961334,0.060082197
2024-09-11,0.047033162,0.048004076,0.046839849,0.049818207,0.051264225,0.051981057,0.053186393,0.054209371,0.055719478,0.057065986,0.058820582,0.059928967
2024-09-12,0.046795953,0.047662281,0.046511514,0.04959936,0.051082351,0.051761601,0.052968392,0.053986752,0.055494693,0.056847198,0.058598462,0.059706772
2024-09-13,0.046657574,0.047515779,0.046192758,0.049373895,0.050816905,0.051540403,0.052706184,0.053724129,0.055271849,0.05658322,0.058337847,0.059449195
2024-09-16,0.045945838,0.047434582,0.046192758,0.049380466,0.050825176,0.051538835,0.052711247,0.053733518,0.05528195,0.05658644,0.058346085,0.059457567
2024-09-17,0.046094127,0.047359499,0.046192758,0.049304318,0.05068067,0.051541758,0.052711247,0.053735624,0.05528627,0.05658838,0.058346085,0.059459136
2024-09-18,0.04580743,0.047291123,0.046192758,0.049304318,0.050681409,0.05154235,0.052711247,0.053735624,0.055286721,0.056588773,0.058346085,0.059455227
2024-09-19,0.04580743,0.046910126,0.046192758,0.049009188,0.050460388,0.051313458,0.052487459,0.053515058,0.055062722,0.056370447,0.058119887,0.059234558
2024-09-20,0.0455306,0.046910126,0.046192758,0.049002715,0.05045475,0.051313458,0.052482448,0.05350994,0.05505855,0.056366211,0.058115909,0.059234025
2024-09-23,0.04538229,0.04686806,0.046511514,0.049047274,0.050720942,0.051543774,0.052705726,0.053742736,0.055286176,0.056589718,0.058342159,0.059464433
2024-09-24,0.04538229,0.046871046,0.046511514,0.048904443,0.050567192,0.051391197,0.052550065,0.053522121,0.055212187,0.056367978,0.058117573,0.059244465
2024-09-25,0.04538229,0.046871046,0.046511514,0.048904443,0.050567192,0.051391197,0.052550065,0.053522121,0.055212187,0.056367978,0.058117573,0.059240575
2024-09-26,0.045491051,0.046871046,0.046801225,0.048904443,0.050566912,0.051391197,0.052545064,0.053517936,0.055207697,0.056367978,0.058109846,0.059236707
2024-09-27,0.045491051,0.046871046,0.046801225,0.048897998,0.050560536,0.051391197,0.05254007,0.053512836,0.055203073,0.056363748,0.058105851,0.059236186
2024-09-30,0.045491051,0.04686806,0.046801225,0.048752068,0.050422758,0.05124386,0.052321315,0.053301736,0.054989873,0.056212527,0.058042369,0.058863218
2024-10-01,0.045317359,0.046799675,0.046801225,0.048609195,0.050189529,0.0510918,0.052175387,0.053002938,0.054678626,0.055922054,0.057737226,0.058565633
2024-10-02,0.045339935,0.046721519,0.046192758,0.048609195,0.050193882,0.051092478,0.052185815,0.053002938,0.054678503,0.055922502,0.057744637,0.058561846
2024-10-03,0.045339935,0.046721519,0.046192758,0.048532988,0.050197021,0.051092478,0.052185815,0.053000918,0.054683938,0.055918352,0.057740506,0.058559593
2024-10-04,0.044741244,0.046721519,0.046192758,0.048383772,0.049901184,0.050796619,0.051957114,0.052775247,0.054550255,0.055765207,0.057594743,0.058419735
2024-10-07,0.044548946,0.046493864,0.045902915,0.048237631,0.049830369,0.050801897,0.051889092,0.052710301,0.054478938,0.055693789,0.057529037,0.058353318
2024-10-08,0.044548946,0.046418635,0.045468032,0.048170925,0.049830369,0.050727314,0.051818634,0.052633973,0.054409927,0.055628757,0.057426985,0.058166118
2024-10-09,0.044548946,0.046340464,0.045468032,0.048170925,0.049830369,0.050727987,0.051818634,0.052633973,0.054405732,0.055629203,0.057426985,0.058162377
2024-10-10,0.044153393,0.046272061,0.045226369,0.048094684,0.049764074,0.050651136,0.051754605,0.052563631,0.054331684,0.05554862,0.057348186,0.058082226
2024-10-11,0.043258145,0.044668827,0.045226369,0.047039818,0.04976087,0.050620657,0.051710785,0.052616503,0.054290983,0.055475467,0.057305702,0.058101751
2024-10-14,0.044499504,0.044258036,0.045226369,0.047045786,0.04976318,0.050629724,0.051715665,0.052625371,0.054293792,0.055486001,0.057313649,0.058109623
2024-10-15,0.04400505,0.044013478,0.045110355,0.047045786,0.049687518,0.050564037,0.051639753,0.05255696,0.054218087,0.055420114,0.057237781,0.058041721
2024-10-16,0.043510535,0.044502564,0.044423735,0.046721359,0.049611847,0.050482366,0.0515735,0.05256574,0.054148077,0.055340437,0.057178816,0.057963757
2024-10-17,0.043015957,0.044306944,0.044423735,0.046721359,0.04942425,0.050406567,0.051505334,0.052483431,0.054071221,0.055260568,0.057097087,0.057882465
2024-10-18,0.043584475,0.044306944,0.044423735,0.046639139,0.049423422,0.050401074,0.051500463,0.052480811,0.054074155,0.055256522,0.05709327,0.057883636
2024-10-21,0.044252285,0.044600367,0.045062013,0.046883586,0.049581083,0.050558997,0.051640573,0.052629766,0.054220977,0.055416773,0.057238364,0.058042247
2024-10-22,0.044578611,0.044600367,0.045390704,0.047722928,0.049609098,0.050626781,0.051781014,0.052685187,0.054298444,0.05548405,0.057389291,0.058173576
2024-10-23,0.044578611,0.044600367,0.045390704,0.047722928,0.049609098,0.050626781,0.051781014,0.052685187,0.054294259,0.05548405,0.057389291,0.058169822
2024-10-24,0.044578611,0.044600367,0.045390704,0.047722928,0.049602966,0.050626781,0.051781014,0.052681102,0.054289813,0.055479938,0.057385193,0.058166084
2024-10-25,0.045877559,0.044600367,0.045709651,0.04783116,0.049629635,0.050657189,0.051809643,0.05267312,0.05428485,0.055471457,0.057375999,0.058163304
2024-10-28,0.04378166,0.045402172,0.045873927,0.048199514,0.049757663,0.050813516,0.051967445,0.052828539,0.054438296,0.055631904,0.057446269,0.058238406
2024-10-29,0.043705201,0.045402172,0.045873927,0.048199514,0.049759099,0.050813516,0.051967445,0.052828539,0.054439176,0.055631904,0.057446269,0.058238406
2024-10-30,0.043707807,0.045544481,0.045873927,0.048199514,0.049760318,0.050790458,0.051967445,0.052828539,0.054435721,0.055605454,0.057446269,0.058234663
2024-10-31,0.043562109,0.045547301,0.045873927,0.047961249,0.049755767,0.050790435,0.051967445,0.052830918,0.054432235,0.055604927,0.057442181,0.058235698
2024-11-01,0.043564699,0.045550121,0.045873927,0.047955048,0.049760063,0.050795317,0.051962539,0.052826003,0.054438364,0.055611465,0.057438281,0.058235214
2024-11-04,0.044370952,0.047268549,0.047197063,0.049152003,0.049946222,0.050863045,0.052090786,0.052949087,0.054593928,0.055686585,0.057504894,0.058293994
2024-11-05,0.044370952,0.04851178,0.046675691,0.049389984,0.049946222,0.050854649,0.052099704,0.052942605,0.054593928,0.05568103,0.057511216,0.058289194
2024-11-06,0.044133614,0.04851178,0.046356975,0.049389984,0.050023762,0.050932045,0.052183,0.053020692,0.054656674,0.055757864,0.05759231,0.058352918
2024-11-07,0.044133614,0.048707017,0.046356975,0.049389984,0.050017519,0.050930374,0.052183,0.053016649,0.054652157,0.055756759,0.057588216,0.058349102
2024-11-08,0.043979991,0.04851178,0.046356975,0.049383411,0.050057016,0.050893348,0.052139157,0.052894381,0.05454668,0.055645804,0.057395404,0.05816164
2024-11-11,0.043985271,0.048508582,0.047766478,0.048628246,0.050062608,0.050891083,0.052119952,0.052924299,0.054551506,0.055648395,0.057386339,0.058185112
2024-11-12,0.044103946,0.048609401,0.047766478,0.048628246,0.050062299,0.050892513,0.052119952,0.052924299,0.054551317,0.05564934,0.057386339,0.058185112
2024-11-13,0.045013671,0.049975595,0.049213051,0.049104401,0.050165692,0.050919519,0.0521341,0.052950384,0.054581797,0.055670098,0.057397434,0.05821059
2024-11-14,0.045092768,0.050658344,0.049694894,0.049266241,0.050281294,0.051058735,0.052271645,0.053088332,0.054697072,0.055820197,0.057542307,0.058348846
2024-11-15,0.051329239,0.050365766,0.049694894,0.04989712,0.050716684,0.051361011,0.05242232,0.053143757,0.054755237,0.055886906,0.057602493,0.058412772
2024-11-18,0.051662171,0.04987466,0.050369183,0.050217716,0.050795438,0.051440226,0.052483561,0.053222526,0.054843263,0.055959078,0.057679854,0.058492161
2024-11-19,0.050507139,0.050121918,0.05137998,0.050056029,0.050878448,0.051440471,0.052466168,0.053148893,0.054767262,0.055889709,0.057587525,0.058417937
2024-11-20,0.049687554,0.049487774,0.050051346,0.049742092,0.050662923,0.051291223,0.052421012,0.053157476,0.054774733,0.055898641,0.057606196,0.058339944
2024-11-21,0.049687554,0.04987804,0.049694894,0.049742092,0.050666099,0.051287859,0.052427142,0.053153428,0.05478019,0.055896427,0.057606512,0.058336103
2024-11-22,0.05000661,0.050121918,0.049694894,0.049735425,0.050742431,0.051285757,0.052427142,0.053148195,0.054781005,0.055890948,0.057608518,0.058335423
2024-11-25,0.051296941,0.04987466,0.049694894,0.049742092,0.050812316,0.051362871,0.052427142,0.053157476,0.054781954,0.055892215,0.057610518,0.058343635
2024-11-26,0.051543721,0.04987804,0.050696573,0.050103587,0.05088851,0.051442579,0.052409921,0.053147593,0.054779155,0.055891092,0.057598375,0.058416976
2024-11-27,0.051662171,0.050121918,0.050436594,0.050179675,0.050965037,0.051517823,0.052482401,0.053223568,0.054851182,0.055956568,0.057679035,0.058489227
2024-11-28,0.051000783,0.04987804,0.050369183,0.050255756,0.050960373,0.051519935,0.052483561,0.053217459,0.054847546,0.055957953,0.057675851,0.05848383
2024-11-29,0.051004332,0.04987804,0.05021509,0.050248952,0.050959352,0.051519935,0.052474163,0.053212135,0.054846506,0.055953858,0.05766463,0.0584831
2024-12-02,0.050806854,0.04955274,0.050208269,0.050255756,0.050963819,0.051522502,0.052479642,0.053221485,0.054853797,0.055960109,0.057676258,0.058491391
2024-12-03,0.050810376,0.049386882,0.050529434,0.050255756,0.050965244,0.051523952,0.052479647,0.053221485,0.054854653,0.055961061,0.057677594,0.058491391
2024-12-04,0.050810376,0.048898985,0.050693096,0.050255756,0.050965244,0.051528217,0.052476814,0.053221485,0.054854653,0.055963861,0.057671606,0.05848769
2024-12-05,0.050316571,0.049630786,0.050173158,0.050103587,0.051033723,0.05152182,0.052481014,0.053221613,0.054853303,0.055955566,0.057673914,0.058486906
2024-12-06,0.050563481,0.049630786,0.050166348,0.050096824,0.051033094,0.051516213,0.052477204,0.053216315,0.054848735,0.055951311,0.057674536,0.058486194
2024-12-09,0.050559993,0.049484447,0.050365751,0.050103587,0.051031674,0.051523099,0.05248248,0.053225651,0.054852074,0.055960501,0.057679594,0.05849447
2024-12-10,0.050563481,0.049757604,0.050365751,0.050217716,0.051033094,0.051443349,0.05248248,0.053222526,0.054852926,0.055961606,0.057679594,0.058492161
2024-12-11,0.05155097,0.04987466,0.050693096,0.050930729,0.051289826,0.051742086,0.052700264,0.053388321,0.05495163,0.05603004,0.057743217,0.058537123
2024-12-12,0.051343617,0.050118505,0.05089524,0.051405788,0.051511156,0.052029982,0.052915311,0.053673505,0.055329063,0.05624291,0.057728195,0.058511408
2024-12-13,0.051175752,0.050001463,0.050686145,0.051398672,0.051511587,0.052025295,0.05291494,0.053667963,0.055325061,0.056239247,0.05773125,0.058510553
2024-12-16,0.05117218,0.050001463,0.050173158,0.052431147,0.051510136,0.052031015,0.052932786,0.053649261,0.055328452,0.056247702,0.057745092,0.058498265
2024-12-17,0.051175752,0.050001463,0.050173158,0.052431147,0.051511587,0.052031015,0.052932786,0.053649261,0.055329322,0.056247702,0.057745092,0.058498265
2024-12-18,0.051007881,0.050001463,0.050173158,0.052117954,0.051444821,0.051963342,0.052864771,0.053579924,0.055252918,0.056170595,0.057663622,0.058433648
2024-12-19,0.051007881,0.050001463,0.05137641,0.052117954,0.051732787,0.052253355,0.052984617,0.053575949,0.05524384,0.056156458,0.057639343,0.058429702
2024-12-20,0.052824476,0.050001463,0.051609725,0.052110641,0.052246239,0.052769373,0.053578322,0.054096489,0.055594501,0.056441655,0.057884113,0.058709505
2024-12-23,0.052978574,0.050245292,0.051857406,0.052117954,0.052321045,0.052850402,0.05372872,0.054252469,0.055752675,0.056446111,0.057883252,0.058712147
2024-12-24,0.052982403,0.050001463,0.051857406,0.051956574,0.052322571,0.052929898,0.05372872,0.054412942,0.05582249,0.056673175,0.058073291,0.058870199
2024-12-25,0.052982403,0.050245292,0.051857406,0.051956574,0.052322571,0.052927707,0.05372872,0.054412942,0.05582249,0.056671758,0.058069325,0.058866553
2024-12-26,0.052982403,0.050245292,0.051857406,0.051956574,0.052322571,0.052927707,0.053723717,0.054408776,0.05582249,0.05666761,0.058065098,0.058862505
2024-12-27,0.052656673,0.050245292,0.051609725,0.051949306,0.052323421,0.05292177,0.053723936,0.054403108,0.055818688,0.056663135,0.058068596,0.058861617
2024-12-30,0.052820671,0.050245292,0.051876643,0.051500773,0.052436567,0.052966358,0.053912846,0.054532962,0.055936283,0.056749833,0.058066024,0.05887512
2024-12-31,0.052824476,0.050248722,0.051880282,0.051500773,0.052438092,0.052966535,0.053913999,0.054532962,0.055937191,0.056749515,0.058066399,0.05887512
2025-01-02,0.052488862,0.050248722,0.05168788,0.051518542,0.05243897,0.052966535,0.053917404,0.054516391,0.055937714,0.056749515,0.058064788,0.058858445
2025-01-03,0.048212288,0.050248722,0.05168788,0.051522117,0.052450162,0.052966535,0.053912337,0.054522343,0.055940036,0.056745349,0.058060534,0.058865998
2025-01-06,0.048166429,0.050654859,0.051591669,0.051500773,0.05244748,0.052960423,0.053919107,0.054532962,0.055942781,0.056745563,0.058069923,0.05887512
2025-01-07,0.048169595,0.050658344,0.051591669,0.051500773,0.052448872,0.052962885,0.053919107,0.054532962,0.05594361,0.056747155,0.058069923,0.05887512
2025-01-08,0.049121314,0.050755861,0.05168788,0.051529267,0.052476563,0.052991,0.053956239,0.054571165,0.055981421,0.056785287,0.058107273,0.058909578
2025-01-09,0.053475883,0.050365766,0.051976473,0.051529267,0.052465163,0.052994478,0.053951129,0.054566934,0.055974632,0.056787536,0.058099788,0.058905519
2025-01-10,0.053811416,0.05017069,0.051976473,0.051529267,0.052464285,0.052996217,0.053946068,0.054569051,0.055969782,0.056784488,0.058095525,0.058910289
2025-01-13,0.053639729,0.05016727,0.052216919,0.051605246,0.052539901,0.053071068,0.054092473,0.054569031,0.055970997,0.056784376,0.058095261,0.05891169
2025-01-14,0.053811416,0.051097133,0.052649612,0.051757187,0.052684867,0.05321014,0.054084793,0.054564764,0.055967064,0.056775541,0.058089978,0.058908597
2025-01-15,0.053446276,0.051097133,0.052745748,0.051861633,0.052685826,0.053287415,0.054160725,0.054561831,0.055967632,0.056772836,0.058085846,0.058902824
2025-01-16,0.05324889,0.051340863,0.052745748,0.052117954,0.052763063,0.05328523,0.054160725,0.054550449,0.05596549,0.056771432,0.058081923,0.058893547
2025-01-17,0.05324889,0.051097133,0.052745748,0.052110641,0.052763063,0.053287415,0.054155655,0.054544746,0.055961183,0.056768697,0.05807762,0.058892645
2025-01-20,0.053245023,0.051093587,0.052937997,0.05233625,0.052943698,0.053468424,0.054273756,0.054665463,0.056106369,0.056834273,0.058079064,0.05881154
2025-01-21,0.05324889,0.051097133,0.052937997,0.052193889,0.052839776,0.053364687,0.054157309,0.054552503,0.05596304,0.056770131,0.0580835,0.058899709
2025-01-22,0.052854088,0.050492555,0.052649612,0.052155922,0.052879173,0.053408755,0.054201254,0.054592558,0.056001795,0.056811963,0.058125531,0.058925462
2025-01-23,0.052656673,0.05093138,0.052457321,0.051937587,0.052879694,0.053404811,0.054204674,0.054594483,0.056002103,0.056809432,0.058123944,0.058925828
2025-01-24,0.052656673,0.050755861,0.052265003,0.051968288,0.052879694,0.053406389,0.05420299,0.05458774,0.055997795,0.056806302,0.058121987,0.058924172
2025-02-03,0.051991575,0.050976602,0.052216919,0.052193889,0.052873793,0.053401874,0.054208951,0.054591491,0.055996682,0.056807548,0.058130818,0.058928329
2025-02-04,0.052330917,0.050980132,0.052216919,0.052193889,0.052877879,0.053404373,0.054208951,0.054591491,0.056000657,0.056809151,0.058130818,0.058928329
2025-02-05,0.051969328,0.051048383,0.052216919,0.052042014,0.052726912,0.053249214,0.054063353,0.054439794,0.055849543,0.05665537,0.057986384,0.058783107
2025-02-06,0.051870586,0.050853373,0.052293852,0.052042014,0.052727166,0.053250961,0.054061988,0.054435628,0.055849694,0.056656492,0.057981528,0.058779053
2025-02-07,0.051870586,0.051019133,0.052361165,0.052034722,0.052727166,0.053249476,0.054055728,0.054429943,0.055849694,0.056651422,0.057976427,0.058778152
2025-02-10,0.052356793,0.051337283,0.052361165,0.052155922,0.052834484,0.053359985,0.054167561,0.054553569,0.05595798,0.056687725,0.058010559,0.058779678
2025-02-11,0.052360532,0.051204378,0.052697681,0.052155922,0.052839449,0.053363724,0.05416158,0.054553569,0.055962474,0.056690121,0.058006457,0.058779678
2025-02-12,0.052265539,0.051204378,0.052822651,0.052155922,0.052841215,0.053363724,0.054159359,0.054553569,0.055963516,0.056690121,0.058004933,0.058776068
2025-02-13,0.052068067,0.051204378,0.052582314,0.052193889,0.052841725,0.053363724,0.05416363,0.054548323,0.055963817,0.056690121,0.058003953,0.058771228
2025-02-14,0.052068067,0.051204378,0.052582314,0.052160907,0.052841725,0.053363724,0.054158551,0.054515313,0.055963817,0.056686007,0.057999653,0.05875054
2025-02-17,0.052159382,0.051200817,0.052649612,0.052171895,0.052835004,0.053361217,0.054162434,0.05452906,0.055958288,0.056688514,0.058007043,0.05876195
2025-02-18,0.051797805,0.051467591,0.052582314,0.052213497,0.05284092,0.053361361,0.05416363,0.054531885,0.055963342,0.056688607,0.058007863,0.058763994
2025-02-19,0.05204832,0.051467591,0.052582314,0.052217167,0.052841776,0.053361361,0.05416363,0.054535794,0.055963847,0.056688607,0.058007863,0.058763234
2025-02-20,0.051554595,0.051340863,0.052341933,0.052220838,0.052843052,0.053362499,0.054167903,0.054535558,0.0559646,0.056689336,0.058006878,0.058761977
2025-02-21,0.051426217,0.051399354,0.052341933,0.052224509,0.052843384,0.053361974,0.05416281,0.054541538,0.055964796,0.056684888,0.05800258,0.058769535
2025-02-24,0.05130053,0.051278799,0.052139981,0.052231854,0.052837268,0.053360513,0.054171494,0.054551438,0.055959627,0.056688063,0.058013256,0.058778137
2025-02-25,0.05130412,0.051340863,0.052139981,0.052231854,0.052765498,0.05328523,0.054171494,0.054551438,0.05596655,0.056692036,0.058013256,0.058778137
2025-02-26,0.051060812,0.051097133,0.052139981,0.051937587,0.052767614,0.053287415,0.054171494,0.054559698,0.055967801,0.056693438,0.058013256,0.058780494
2025-02-27,0.050586724,0.050609584,0.052139981,0.051937587,0.052768837,0.053291786,0.054171494,0.054555499,0.055968525,0.056696243,0.058009335,0.058776427
2025-02-28,0.050685496,0.050609584,0.052139981,0.051854391,0.052768582,0.053291786,0.05416639,0.054551968,0.055968374,0.056692116,0.058005041,0.058777089
2025-03-03,0.0,0.0,0.0,0.0,0.0,0.0,0.0,0.0,0.0,0.0,0.0,0.0
2025-03-04,0.050378782,0.05076486,0.051824919,0.051861633,0.052849788,0.053444256,0.05425236,0.054639821,0.056038623,0.056765973,0.058089354,0.058857578
2025-03-05,0.049588797,0.05035543,0.05170951,0.051861633,0.052851957,0.053442001,0.054249316,0.054639821,0.056035584,0.056763854,0.058086486,0.058859401
2025-03-06,0.047020261,0.050026875,0.051365704,0.05146278,0.052593061,0.053211179,0.05402806,0.054490806,0.055895405,0.056617244,0.057949725,0.058708692
2025-03-07,0.046619023,0.04969876,0.05108067,0.051417664,0.05251808,0.053219704,0.054039077,0.054486292,0.055902586,0.056624093,0.057958676,0.058706827
2025-03-10,0.046328448,0.049702116,0.051084199,0.051424786,0.052525069,0.05322216,0.054042348,0.054496091,0.055908267,0.056625672,0.057960926,0.058715325
2025-03-11,0.046328448,0.050257934,0.051007217,0.051424786,0.052525069,0.053294346,0.054082577,0.054496091,0.055908267,0.056615575,0.057956466,0.058711689
2025-03-12,0.046852261,0.050111681,0.051007217,0.051500773,0.052523639,0.053289684,0.054077458,0.05449396,0.055903088,0.056611922,0.057952208,0.05871197
2025-03-13,0.046852261,0.05010486,0.051000181,0.051500773,0.05251677,0.053287742,0.054073494,0.054489744,0.055898138,0.05661407,0.05795279,0.058707922
2025-03-14,0.046846271,0.050030275,0.050820874,0.051417664,0.052411904,0.053148994,0.054082604,0.054486292,0.055826817,0.056475567,0.057770391,0.058475338
2025-03-17,0.04734636,0.050072679,0.050747371,0.051424786,0.05241673,0.053151104,0.054087245,0.054496091,0.055831209,0.056476922,0.057773569,0.058483799
2025-03-18,0.046723785,0.049380255,0.05067037,0.051424786,0.052418425,0.053225123,0.054088629,0.054496091,0.055832219,0.056474564,0.057770618,0.058480213
2025-03-19,0.046723785,0.048570496,0.05060299,0.051348793,0.052418425,0.053226539,0.054084698,0.054498223,0.055827899,0.056474844,0.057767193,0.058483541
2025-03-20,0.046723785,0.048320182,0.050596064,0.051348793,0.052411582,0.053227034,0.054080794,0.054493995,0.055822968,0.056478534,0.057767798,0.058479496
2025-03-21,0.046717828,0.048235531,0.050599527,0.051341692,0.052412261,0.053233252,0.054086596,0.054488431,0.05582703,0.056483865,0.057773124,0.058476879
2025-03-24,0.046723785,0.048121572,0.05060299,0.051348793,0.052418425,0.053236717,0.05408984,0.054498223,0.055832219,0.056486088,0.057775346,0.058485333
2025-03-25,0.046723785,0.047848264,0.05067037,0.051348793,0.052418425,0.053239235,0.054088629,0.054498223,0.055832219,0.056483596,0.057770618,0.058481744
2025-03-26,0.046723785,0.047916594,0.05067037,0.051348793,0.052418425,0.053232542,0.054083491,0.054498223,0.055827899,0.056478704,0.057766365,0.058483541
2025-03-27,0.047020261,0.047910355,0.050663425,0.051348793,0.052410779,0.053230843,0.054079577,0.054493995,0.055822488,0.056480982,0.057766963,0.058479496
2025-03-28,0.047014229,0.047913474,0.050666897,0.051341692,0.052411438,0.053236235,0.054085381,0.054488431,0.055826539,0.056485779,0.057772292,0.058476879
2025-03-31,0.047052929,0.048407785,0.05067037,0.051282294,0.052416183,0.053234141,0.054088629,0.054500088,0.05583048,0.056484038,0.057774517,0.058486675
2025-04-01,0.046973861,0.048212571,0.050656484,0.051282294,0.052416394,0.053235924,0.054075642,0.054500088,0.055830606,0.05648518,0.057761742,0.058483084
2025-04-02,0.047052929,0.048534664,0.050659954,0.051282294,0.052416183,0.053232983,0.05407378,0.054500088,0.05583048,0.056479194,0.0577597,0.058484882
2025-04-03,0.047468009,0.048778639,0.050740406,0.051282294,0.052376691,0.053195722,0.054000504,0.054427608,0.055757813,0.056355177,0.057608964,0.058372883
2025-04-04,0.047468009,0.048772174,0.050743888,0.051275212,0.052369859,0.053193949,0.054006296,0.054422058,0.055752882,0.056357402,0.057614277,0.058370275
2025-04-08,0.04771506,0.049061613,0.05067037,0.051282294,0.052376032,0.05319918,0.054010925,0.054431826,0.055761728,0.056362095,0.057613573,0.058375129
2025-04-09,0.047300005,0.0492665,0.050747371,0.051282294,0.052377139,0.053197311,0.054004429,0.054431826,0.055762387,0.05635683,0.057608388,0.058376918
2025-04-10,0.047300005,0.0492665,0.050747371,0.051282294,0.052377139,0.053191289,0.054006988,0.054427608,0.055758079,0.056352333,0.057613406,0.058372883
2025-04-11,0.047300005,0.049259905,0.050743888,0.051275212,0.052370305,0.053189461,0.054006296,0.054422058,0.055753148,0.056354525,0.057614277,0.058370275
2025-04-14,0.047300005,0.049022584,0.050708871,0.051206291,0.052377139,0.053199536,0.054010234,0.054433955,0.055762387,0.056362322,0.057616971,0.058380234
2025-04-15,0.04751742,0.049090884,0.050708871,0.051206291,0.052376559,0.053121596,0.054010234,0.054433955,0.055762042,0.056364613,0.057613102,0.058376658
2025-04-16,0.047794113,0.049286012,0.05078587,0.051130281,0.052375821,0.053119819,0.054042582,0.054436085,0.055761603,0.0563594,0.057606446,0.058379978
2025-04-17,0.04751742,0.049217719,0.050778894,0.051130281,0.052376559,0.053114436,0.05403865,0.054431856,0.055757735,0.056355312,0.057607019,0.058375946
2025-04-18,0.047794113,0.049279412,0.050782382,0.05112324,0.052368992,0.053111984,0.054044451,0.054426332,0.055752365,0.056357103,0.057612335,0.058373353
2025-04-21,0.04751742,0.049061613,0.05078587,0.051130281,0.052376559,0.053121862,0.054047703,0.054436085,0.055762042,0.056364784,0.057614558,0.058381765
2025-04-22,0.04751742,0.049061613,0.05078587,0.051130281,0.052376559,0.053121862,0.054047703,0.054436085,0.055762042,0.056364784,0.057610693,0.058378187
2025-04-23,0.04751742,0.048817672,0.050448966,0.050911722,0.05211744,0.052718105,0.053601866,0.054139848,0.055317333,0.055959285,0.057207504,0.057963721
2025-04-24,0.047468009,0.048993312,0.050442082,0.050911722,0.052117572,0.052710607,0.053597988,0.054135668,0.055313184,0.05595385,0.057208067,0.057959732
2025-04-25,0.047300005,0.048986791,0.050445524,0.050901251,0.052111252,0.052708795,0.053603698,0.054126414,0.055308569,0.055956005,0.057213307,0.057954448
2025-04-26,0.047293901,0.048990051,0.050448966,0.05090474,0.052111899,0.052714128,0.053606902,0.054132272,0.055312548,0.055960756,0.057215499,0.057960039
2025-04-28,0.047300005,0.048993312,0.050448966,0.050911722,0.052118017,0.05267785,0.053606902,0.054139848,0.055317676,0.055963623,0.057175499,0.057965477
2025-04-29,0.047300005,0.048993312,0.050448966,0.050911722,0.052118017,0.05267785,0.053606902,0.054139848,0.055317676,0.055963623,0.057171692,0.05796196
2025-05-05,0.047504459,0.049380255,0.050445524,0.050987748,0.051974777,0.052674176,0.053605858,0.05413773,0.055323054,0.055961654,0.057171356,0.057963957
2025-05-06,0.047356241,0.049380255,0.050445524,0.050987748,0.051975177,0.052674176,0.053561982,0.054098717,0.0552839,0.055917937,0.057128647,0.05793181
2025-05-07,0.047079554,0.049136387,0.050438641,0.050987748,0.051975924,0.052670513,0.053558086,0.054098717,0.055280116,0.05591495,0.057129187,0.057933568
2025-05-08,0.047079554,0.049129828,0.050442082,0.050987748,0.051969204,0.05266866,0.053563789,0.054094552,0.055275268,0.055917072,0.05713442,0.057929583
2025-05-09,0.047211817,0.049133107,0.050445524,0.050980746,0.051969444,0.052673995,0.053566997,0.054089067,0.055278998,0.055921824,0.057136614,0.057927009
2025-05-12,0.047593387,0.048570496,0.050407021,0.050911722,0.051897736,0.05264288,0.053567686,0.054100834,0.055285946,0.05592801,0.057133287,0.057936841
2025-05-13,0.047879918,0.049038831,0.050407021,0.050911722,0.051896964,0.052638615,0.053562669,0.054100834,0.055285486,0.055921261,0.057129117,0.057933327
2025-05-14,0.048205946,0.048970539,0.050376114,0.050911722,0.051896086,0.052633357,0.053536405,0.054100834,0.055280733,0.055917257,0.057114331,0.057935086
2025-05-15,0.047603267,0.048925009,0.050350699,0.050911722,0.051891016,0.05263188,0.053542596,0.054096663,0.055276861,0.055919619,0.057119921,0.057931103
2025-05-16,0.047597085,0.048928261,0.050354127,0.05090474,0.051891598,0.052637201,0.053545794,0.054091191,0.055280797,0.055924364,0.057122109,0.057928536
2025-05-19,0.047603267,0.048931514,0.050393278,0.050911722,0.05189771,0.052639592,0.053554869,0.054100834,0.05528593,0.055925899,0.057124536,0.057936841
2025-05-20,0.047435291,0.048931514,0.050396713,0.050911722,0.051898162,0.052639592,0.053553084,0.054100834,0.0552862,0.055921887,0.057122547,0.057933327
2025-05-21,0.047435291,0.048853462,0.050371278,0.050949735,0.051898162,0.052634419,0.05359815,0.054138789,0.055321352,0.055957648,0.057168555,0.057962961
2025-05-22,0.047435291,0.048846977,0.050297708,0.050873706,0.051898162,0.052632596,0.053605242,0.054136725,0.055323475,0.055880369,0.057094736,0.057890056
2025-05-23,0.047429152,0.048928261,0.05030113,0.050866736,0.051892059,0.052637201,0.053608443,0.054131258,0.055320462,0.055884649,0.057096923,0.057887497
2025-05-26,0.047435291,0.048931514,0.05030113,0.050873706,0.051898162,0.052639592,0.053608443,0.054140907,0.055325594,0.055886184,0.057093133,0.057895794
2025-05-27,0.047652671,0.049077854,0.05030113,0.050873706,0.051897577,0.05263826,0.053603411,0.054140907,0.055325244,0.055881327,0.05708896,0.05789229
2025-05-28,0.04734636,0.049009563,0.048907672,0.050873706,0.051898402,0.052633003,0.053624514,0.054140907,0.055321495,0.055877323,0.057106598,0.057894044
2025-05-29,0.0472179,0.049032298,0.050297708,0.050873706,0.051881999,0.052630895,0.053600573,0.054136725,0.055306432,0.055879275,0.057087966,0.057890056
2025-05-30,0.047205736,0.048811197,0.05030113,0.050866736,0.0518799,0.052638273,0.053601602,0.054131258,0.055308733,0.055885337,0.057088301,0.057887497
2025-06-02,0.047214858,0.048817672,0.050234353,0.050873706,0.051894028,0.052640766,0.053612867,0.054140907,0.055321639,0.05588655,0.057096935,0.057895794
2025-06-03,0.047020261,0.048446826,0.049935751,0.050731136,0.051745662,0.052499087,0.053462677,0.053842494,0.055094737,0.055665336,0.056876371,0.057746149
2025-06-04,0.046526121,0.048446826,0.049935751,0.050731136,0.05174699,0.052499087,0.053462677,0.053842494,0.055091323,0.05566136,0.056872588,0.0577479
2025-06-05,0.04625926,0.048368744,0.049935751,0.050731136,0.051741039,0.052493914,0.053462677,0.053838366,0.055086944,0.055657431,0.056874481,0.057743952
2025-06-06,0.046253421,0.048284322,0.049791242,0.050648179,0.051597681,0.052338196,0.053236734,0.053757033,0.055026497,0.055595869,0.056810406,0.057675585
2025-06-09,0.046160418,0.048222332,0.049646718,0.050579039,0.051603933,0.052346396,0.053244265,0.053768667,0.055031699,0.055602439,0.056818148,0.057685323
2025-06-10,0.045626629,0.048066148,0.049531087,0.050579039,0.051605364,0.052347797,0.053246287,0.053768667,0.055032552,0.055603338,0.056819528,0.057681829
2025-06-11,0.045765026,0.048066148,0.049531087,0.050579039,0.051604993,0.052347797,0.053246287,0.053768667,0.055028127,0.055599361,0.056815734,0.057683578
2025-06-12,0.045765026,0.048066148,0.049531087,0.050103587,0.051598357,0.05234195,0.053246287,0.053777666,0.055023348,0.055595008,0.056817633,0.057689108
2025-06-13,0.045561648,0.04805987,0.049531087,0.050572148,0.05159957,0.052340227,0.053241267,0.053759144,0.055027626,0.055597175,0.056813511,0.057677106
2025-06-16,0.045488227,0.047919715,0.049608175,0.050579039,0.051605735,0.052349111,0.053244939,0.053768667,0.055032773,0.055604181,0.056818608,0.057685323
2025-06-17,0.045270729,0.04777327,0.049531087,0.050579039,0.051606318,0.052350425,0.053246287,0.053768667,0.055033121,0.055605024,0.056819528,0.057681829
2025-06-18,0.045072994,0.047919715,0.049453994,0.050579039,0.051606848,0.052349111,0.053247635,0.053768667,0.055029231,0.055600202,0.056816652,0.057683578
2025-06-19,0.044875248,0.04777327,0.049453994,0.05051249,0.051600731,0.052344569,0.053247635,0.053766381,0.055024768,0.055596692,0.056818552,0.057680968
2025-06-20,0.044968602,0.04746446,0.049453994,0.050505617,0.051601191,0.052345618,0.053242611,0.053760992,0.055028595,0.055600639,0.056814431,0.057678437
2025-06-23,0.044875248,0.04777327,0.049453994,0.05051249,0.051607378,0.052350425,0.053247635,0.053770508,0.055033753,0.055605024,0.056820448,0.057686648
2025-06-24,0.044875248,0.047617051,0.049309433,0.050141631,0.051530545,0.052274459,0.053250162,0.053780771,0.05503617,0.055608577,0.056822174,0.05769052
2025-06-25,0.045072994,0.04777327,0.049386534,0.050436427,0.051606848,0.052273059,0.053248814,0.053772613,0.055029231,0.055603692,0.056817456,0.057686414
2025-06-26,0.045913302,0.047841612,0.049531087,0.050579039,0.051741964,0.052459971,0.053401762,0.053920593,0.055166272,0.055741212,0.05696182,0.057824383
2025-06-27,0.046302829,0.047913474,0.049531087,0.050572148,0.051741557,0.052457568,0.053396706,0.053915186,0.055169601,0.055742957,0.056957676,0.057821846
2025-06-30,0.046506355,0.048261377,0.049569632,0.050550519,0.051785451,0.052500755,0.053430237,0.053964562,0.055173141,0.055745832,0.056962178,0.05782911
2025-07-01,0.046802847,0.048245558,0.049566307,0.050550519,0.051784653,0.052491275,0.053429285,0.053964562,0.055172666,0.055736158,0.056958098,0.057825597
2025-07-02,0.04630868,0.048131647,0.049566307,0.050550519,0.051785982,0.05248886,0.053429285,0.053964562,0.055169238,0.055733977,0.056960004,0.057827356
2025-07-03,0.04620984,0.048134795,0.049566307,0.050550519,0.051779569,0.052494126,0.053424235,0.053960395,0.055164583,0.055740654,0.056955859,0.057823397
2025-07-04,0.046401642,0.048137943,0.0494826,0.050543635,0.051779687,0.052499399,0.053421873,0.053954992,0.055168226,0.055745349,0.056955541,0.057820865
2025-07-07,0.046753433,0.047916594,0.04812031,0.050037006,0.051640755,0.052503785,0.053454815,0.053978827,0.055177287,0.055748165,0.056979327,0.057839359
2025-07-08,0.046753433,0.047955639,0.04812031,0.050037006,0.051640755,0.05250343,0.053454815,0.053978827,0.055177287,0.055743942,0.056975485,0.057835828
2025-07-09,0.046862143,0.047955639,0.04812031,0.050255756,0.051640464,0.052497552,0.053454815,0.053972749,0.055172884,0.05573957,0.056977408,0.057833233
2025-07-10,0.046862143,0.047955639,0.04812031,0.050103587,0.051489823,0.052307103,0.053303884,0.053816688,0.055024927,0.055602463,0.056828703,0.057687556
2025-07-11,0.046856151,0.047952514,0.049338101,0.050096824,0.051490419,0.052307687,0.053278698,0.053811368,0.055028841,0.055604137,0.056812751,0.057685067
2025-07-14,0.04697085,0.048258212,0.049421778,0.050179675,0.051496128,0.052307279,0.053286065,0.053818747,0.055033726,0.055603875,0.056819079,0.057691724
2025-07-15,0.047494578,0.048365565,0.049489227,0.050179675,0.051494727,0.052306308,0.053284878,0.053818747,0.055032889,0.055599278,0.056814481,0.057688219
2025-07-16,0.047692193,0.048443637,0.049566307,0.050255756,0.051561419,0.05237713,0.053283521,0.05381664,0.05502626,0.05559182,0.056815452,0.057688461
2025-07-17,0.047692193,0.04843726,0.049566307,0.050255756,0.051554815,0.052375344,0.053278505,0.053812485,0.055021483,0.055593944,0.056811328,0.057684527
2025-07-18,0.047389638,0.048401418,0.04955966,0.050248952,0.051556174,0.052380962,0.053274777,0.053807138,0.055025852,0.055598858,0.056810071,0.057682023
2025-07-21,0.047395767,0.048443637,0.049604846,0.050293795,0.051600623,0.052421642,0.053321713,0.053854613,0.055069123,0.055628601,0.056845432,0.057728165
2025-07-22,0.047692193,0.048443637,0.049604846,0.050293795,0.051599829,0.052421642,0.053321713,0.053854613,0.055068649,0.055624632,0.056841643,0.057724658
2025-07-23,0.048284979,0.048853462,0.049932377,0.050655091,0.051819071,0.052634419,0.053539419,0.054146999,0.055351953,0.055997357,0.057221203,0.05808962
2025-07-24,0.048482555,0.048964024,0.050047958,0.050731136,0.051888657,0.052631522,0.053532324,0.054140686,0.055344373,0.055998812,0.057215638,0.05808411
2025-07-25,0.048772409,0.049035564,0.050114811,0.050762215,0.051965151,0.052636219,0.053523988,0.054134181,0.055345366,0.056003163,0.057211237,0.058080791
2025-07-28,0.048877677,0.048970539,0.049970905,0.050693114,0.051894276,0.052561893,0.053538737,0.05414594,0.055352821,0.05600778,0.057222659,0.058090631
2025-07-29,0.048927064,0.049136387,0.050086482,0.050731136,0.051913342,0.052521714,0.053536694,0.05414488,0.055352134,0.05600411,0.057217417,0.058086319
2025-07-30,0.048531947,0.048990051,0.04991889,0.050731136,0.051914407,0.052517192,0.053519243,0.05414488,0.055348527,0.056000579,0.057203438,0.058088096
2025-07-31,0.048334374,0.048983531,0.049922261,0.050731136,0.051908249,0.052515351,0.053520234,0.054140686,0.055344001,0.056002716,0.057203732,0.05808411
2025-08-01,0.048723033,0.049133107,0.050079696,0.050800224,0.051974884,0.052519318,0.053523169,0.054133118,0.055345143,0.056006602,0.057208968,0.058080025
2025-08-04,0.048828289,0.049058343,0.050012816,0.050731136,0.051913608,0.052522422,0.053539046,0.05414488,0.055352293,0.056008603,0.057222481,0.058089869
2025-08-05,0.049223376,0.049360747,0.050166932,0.050731136,0.051912544,0.052519676,0.053536337,0.05414488,0.055351658,0.056002799,0.057220628,0.058086319
2025-08-06,0.04971718,0.049438779,0.050234353,0.050807176,0.051978405,0.052667768,0.053612867,0.054220794,0.055462653,0.056101787,0.057363019,0.058204232
2025-08-07,0.050753969,0.049919641,0.050754339,0.051130281,0.052122449,0.052806357,0.053671703,0.05427585,0.05553,0.056175402,0.057436124,0.058261451
2025-08-08,0.051743701,0.050517695,0.051216379,0.05165504,0.052465467,0.05306719,0.053881824,0.054518598,0.055668896,0.056247056,0.057457909,0.058197312
2025-08-11,0.051879318,0.050296933,0.051216379,0.051443783,0.052404394,0.052994426,0.053886908,0.054534562,0.055676177,0.056252653,0.057464071,0.058210141
2025-08-12,0.051632559,0.050228684,0.051139383,0.051367792,0.052405065,0.052995051,0.05388827,0.054536695,0.055676576,0.056249011,0.057465,0.05820814
2025-08-13,0.051504237,0.050014173,0.051158633,0.051310794,0.052491764,0.052991079,0.053887929,0.054538295,0.055669773,0.056245802,0.057460915,0.05821105
2025-08-14,0.051198224,0.050266031,0.051370357,0.051586251,0.052677606,0.053210718,0.053923024,0.054643322,0.055698562,0.056266426,0.057498811,0.058196776
2025-08-15,0.051191075,0.050269462,0.051370357,0.05165504,0.052678021,0.05321615,0.053917939,0.054635565,0.055702452,0.056271276,0.057494565,0.058192624
2025-08-18,0.051691782,0.050279759,0.051370357,0.051662226,0.05268312,0.053223593,0.053923024,0.054645429,0.055707002,0.056276031,0.057500736,0.058201072
2025-08-19,0.051632559,0.050439096,0.051514695,0.051804664,0.052827165,0.053224609,0.053920469,0.054641423,0.055702517,0.056272663,0.057498993,0.05819471
2025-08-20,0.051751005,0.050442551,0.051514695,0.051804664,0.05282684,0.053221142,0.053920469,0.054641423,0.055698082,0.05626974,0.057495143,0.058196464
2025-08-21,0.051879318,0.050855305,0.051851424,0.052061,0.052896303,0.053377357,0.053992175,0.054630008,0.055690421,0.056268784,0.057520069,0.05826771
2025-08-22,0.051990384,0.050858818,0.051851424,0.052136938,0.05289636,0.05338287,0.053987099,0.054629982,0.055694096,0.056273662,0.057515807,0.058269098
2025-08-25,0.052619506,0.0514568,0.052361165,0.052649374,0.052968319,0.053379902,0.053983144,0.054617679,0.055696343,0.056271772,0.057515835,0.05826172
2025-08-26,0.052491217,0.0514568,0.052582314,0.052649374,0.052968672,0.053379902,0.053979227,0.054617679,0.05569655,0.056267766,0.057513166,0.05825823
2025-08-27,0.052866204,0.0514568,0.052582314,0.052649374,0.052967641,0.053373913,0.053979227,0.054617679,0.055691716,0.056263231,0.057509341,0.058259977
2025-08-28,0.052866204,0.05138142,0.052515012,0.052649374,0.052960719,0.053372458,0.053980419,0.054613517,0.055686686,0.056265659,0.057512067,0.05825589
2025-08-29,0.052858583,0.052203241,0.052582314,0.053066731,0.053632058,0.053847932,0.054342904,0.055177509,0.056042951,0.056509676,0.057612941,0.058292398
2025-09-03,0.052988443,0.052373952,0.052659226,0.053161548,0.053781052,0.053922896,0.054424291,0.055275496,0.05612136,0.05658213,0.057691409,0.05837355
2025-09-04,0.052988443,0.052373952,0.052659226,0.053161548,0.053781052,0.053922896,0.054424291,0.055271225,0.056117093,0.056578083,0.057693327,0.058369368
2025-09-05,0.052988443,0.052373952,0.052659226,0.053153942,0.0537739,0.053922896,0.054419154,0.055265307,0.056111912,0.056580109,0.057688993,0.058366616
2025-09-08,0.052406144,0.052594286,0.052813038,0.053445976,0.054079709,0.054371917,0.054799983,0.055637559,0.056260314,0.056722039,0.057679091,0.058354702
2025-09-09,0.052406144,0.052822109,0.052957221,0.053739799,0.054367128,0.05470061,0.055127271,0.055707061,0.056329763,0.05678034,0.0576649,0.058342273
2025-09-10,0.052544324,0.052822109,0.052957221,0.053815611,0.054443379,0.054777808,0.055204887,0.0557828,0.056474596,0.056856945,0.057807959,0.058500054
2025-09-11,0.052583804,0.05302667,0.053120609,0.054156691,0.054902984,0.05523903,0.055648168,0.056138637,0.056858503,0.057231919,0.058140441,0.058895876
2025-09-12,0.052583804,0.05302667,0.053120609,0.0541488,0.054895517,0.05523903,0.055681555,0.056132501,0.056853119,0.057233967,0.05813445,0.058893041
2025-09-15,0.053807467,0.055718763,0.053639474,0.054526063,0.055272942,0.055731754,0.056123599,0.056512046,0.057222351,0.057586663,0.058417067,0.059190465
2025-09-16,0.053807467,0.055722977,0.053639474,0.054526063,0.055272942,0.055734601,0.056123599,0.056512046,0.057222351,0.057588433,0.058417067,0.059186968
2025-09-17,0.054300774,0.055722977,0.053716326,0.054526063,0.055271552,0.055734601,0.056122182,0.056512046,0.057221549,0.057588433,0.058412275,0.059188719
2025-09-18,0.054300774,0.055722977,0.053716326,0.054526063,0.055271552,0.055734601,0.056122182,0.056507597,0.057217147,0.057584331,0.058414202,0.059184346
2025-09-19,0.054300774,0.055722977,0.053716326,0.054518066,0.055264001,0.055734601,0.056116692,0.056501377,0.057211688,0.057586384,0.058409614,0.059181477
2025-09-22,0.054300774,0.05539778,0.054081311,0.05481957,0.055635252,0.056101077,0.05641603,0.056795535,0.057514401,0.057882668,0.05870961,0.059403635
2025-09-23,0.054626323,0.055401946,0.053783567,0.054526063,0.055337639,0.055737613,0.056120942,0.056512046,0.057218831,0.057590304,0.058415301,0.059186968
2025-09-24,0.054626323,0.055401946,0.054081311,0.05481957,0.055634329,0.056103928,0.05641603,0.056795535,0.057513869,0.057884437,0.058705725,0.05940188
2025-09-25,0.054626323,0.055479776,0.054158137,0.054999418,0.055710884,0.056324876,0.056482474,0.056941497,0.057506921,0.057871958,0.05870412,0.059387408
2025-09-26,0.054626323,0.055479776,0.054158137,0.054991282,0.055703212,0.056324876,0.056476919,0.056935171,0.05750138,0.057874024,0.058699472,0.059384503
2025-09-29,0.054626323,0.055475598,0.054455798,0.054999418,0.055930955,0.056543659,0.056855015,0.057393758,0.057887472,0.058242832,0.059077133,0.059756962
2025-09-30,0.055168847,0.055722977,0.054599803,0.055037277,0.055929409,0.056544221,0.056852325,0.057392638,0.05788658,0.058243181,0.059075347,0.059752641
2025-10-01,0.055098825,0.055913273,0.054714997,0.055254937,0.056143928,0.056773246,0.057150639,0.057610049,0.058097965,0.058457401,0.05928792,0.059901432
2025-10-02,0.055102964,0.056438357,0.054935756,0.055434707,0.056319592,0.056951236,0.057330625,0.057784939,0.058273984,0.058637983,0.059469632,0.059996018
2025-10-03,0.055107104,0.055913273,0.054935756,0.055426443,0.056325234,0.056949516,0.057324903,0.057778494,0.058281231,0.058635972,0.059464845,0.059993078
2025-10-06,0.055115387,0.055913273,0.05507971,0.055434707,0.056370888,0.057023763,0.057405436,0.057945322,0.058433391,0.058799324,0.059696382,0.060226942
2025-10-07,0.055115387,0.055913273,0.05507971,0.055434707,0.056370888,0.057023763,0.057405436,0.057945322,0.058433391,0.058799324,0.059696382,0.060223351
2025-10-08,0.055115387,0.056107765,0.055156479,0.055434707,0.056370888,0.057021878,0.057403988,0.057945322,0.0584288,0.058793883,0.059691411,0.060225149
2025-10-09,0.05536193,0.056107765,0.055156479,0.055434707,0.056362325,0.057021878,0.057403988,0.057940611,0.05842271,0.058796021,0.059693418,0.060220564
2025-10-10,0.05536193,0.056107765,0.055156479,0.055426443,0.056366246,0.057015064,0.057398259,0.057934159,0.058428983,0.05879085,0.059688614,0.06021762
2025-10-13,0.05536193,0.056856382,0.055741698,0.05579415,0.05677184,0.057496225,0.057877334,0.058421089,0.058910968,0.059350701,0.060248027,0.060741678
2025-10-14,0.05536193,0.056205004,0.055741698,0.05579415,0.05677184,0.057502593,0.057877334,0.058421089,0.058910968,0.059354657,0.060248027,0.06073802
2025-10-15,0.05536193,0.056613355,0.056077364,0.056021101,0.056924829,0.05769122,0.057977494,0.058414254,0.059058372,0.05948935,0.060385205,0.060815461
2025-10-16,0.056022591,0.057546417,0.056221195,0.056493749,0.057354486,0.058086446,0.058381525,0.058725912,0.059370572,0.059926602,0.060758586,0.061249026
2025-10-17,0.056260446,0.057303474,0.056374597,0.056626877,0.057908316,0.058562973,0.058856734,0.059055231,0.059620893,0.060093027,0.060842106,0.061349108
2025-10-20,0.05634795,0.057303474,0.056374597,0.056635499,0.057915868,0.058570169,0.058862764,0.059066845,0.05962704,0.060100691,0.060849215,0.061358803
2025-10-21,0.056269078,0.057303474,0.056374597,0.056635499,0.057916106,0.058570169,0.058862764,0.059066845,0.059627177,0.060100691,0.060849215,0.061355085
2025-10-22,0.057087305,0.058634441,0.056518396,0.056635499,0.057913641,0.058556912,0.05885998,0.059144653,0.059699589,0.060246492,0.061002893,0.061584702
2025-10-23,0.057254872,0.058148789,0.056892201,0.0568906,0.057828464,0.058484755,0.058784972,0.059054213,0.059617363,0.06021496,0.060883155,0.061457265
2025-10-24,0.057245936,0.057905918,0.056853867,0.056768565,0.057828877,0.058480019,0.058779729,0.059050899,0.059621761,0.060211014,0.060878603,0.061456576
2025-10-27,0.057412577,0.058144202,0.056920951,0.057107857,0.058094162,0.058654845,0.058929637,0.059237209,0.059786001,0.060297944,0.060938935,0.061451484
2025-10-28,0.057087305,0.057905918,0.056997614,0.056928387,0.057875426,0.058419797,0.058628032,0.058980128,0.059499349,0.0600132,0.060620613,0.061040906
2025-10-29,0.056949302,0.057905918,0.056997614,0.056928387,0.057875842,0.058419797,0.058628032,0.058980128,0.059494867,0.060008776,0.060616527,0.061042731
2025-10-30,0.056495832,0.057771213,0.05893191,0.057938665,0.058671012,0.059061496,0.05926798,0.05954712,0.059913927,0.060502363,0.060876211,0.06122215
2025-10-31,0.056487131,0.057775741,0.058453384,0.058372952,0.058671548,0.059061892,0.059271284,0.059526457,0.059918426,0.060502337,0.060877178,0.061209583
2025-11-03,0.056495832,0.05778933,0.058692668,0.058740495,0.05912822,0.059524753,0.059640261,0.060013176,0.060321817,0.060921328,0.061245538,0.0612717
2025-11-04,0.056495832,0.058036784,0.05893191,0.058881928,0.059195037,0.059602425,0.059712953,0.060076803,0.060398065,0.060998088,0.061319137,0.061262305
2025-11-05,0.056692999,0.058036784,0.059410264,0.059098752,0.059347138,0.059746703,0.059848628,0.060225506,0.060534867,0.061061968,0.061452593,0.061323159
2025-11-06,0.056692999,0.05706492,0.059410264,0.061255011,0.059557862,0.059977743,0.060071057,0.060376932,0.060746747,0.061282758,0.061675021,0.061493715
2025-11-07,0.056487131,0.058522541,0.059410264,0.058985711,0.0592633,0.059664868,0.059765166,0.060138816,0.060388958,0.060950685,0.061302991,0.061250214
2025-11-10,0.056495832,0.059003457,0.059888447,0.061875604,0.059672201,0.060070213,0.060100287,0.060469164,0.060793903,0.061308543,0.061789003,0.061683249
2025-11-11,0.057087305,0.059250957,0.059171108,0.062627321,0.059746691,0.060138309,0.060191838,0.060523323,0.060868742,0.061385674,0.061874954,0.061730661
2025-11-12,0.057875797,0.059493703,0.059333739,0.062627321,0.059744238,0.060135848,0.060188618,0.060678447,0.06094097,0.061493046,0.061978323,0.061805941
2025-11-13,0.058240422,0.05847397,0.059333739,0.06239247,0.059658003,0.060078881,0.060111252,0.060603409,0.060858137,0.061428026,0.061913767,0.061728979
2025-11-14,0.058848245,0.05847397,0.059333739,0.062382025,0.059861988,0.060300036,0.060482114,0.060963849,0.061376045,0.061877317,0.062272061,0.062020154
2025-11-17,0.059236428,0.058109931,0.059333739,0.061922603,0.059871054,0.060300473,0.060488398,0.06099145,0.061383177,0.061879943,0.062279541,0.062040696
2025-11-18,0.058965573,0.058075649,0.059209376,0.062270326,0.0598358,0.060265626,0.060452191,0.060980524,0.061386174,0.061883641,0.062282745,0.062340306
2025-11-19,0.058970312,0.058075649,0.059209376,0.062270326,0.05983778,0.060265626,0.060452191,0.060980524,0.061382308,0.061883641,0.062278467,0.062342108
2025-11-20,0.059112916,0.058075649,0.059209376,0.062270326,0.059830525,0.060265626,0.060452191,0.06097562,0.061376809,0.061878916,0.062280609,0.062336944
2025-11-21,0.059826736,0.058522541,0.059725884,0.062382025,0.060502049,0.061001312,0.061324887,0.061787843,0.06218446,0.062721297,0.063109501,0.063217018
2025-11-24,0.060535804,0.05875098,0.059869323,0.062862117,0.060727668,0.061139775,0.061473471,0.061931389,0.062339317,0.062873036,0.063268873,0.06337163
2025-11-25,0.061382691,0.059425737,0.060462041,0.063800749,0.061239609,0.061510902,0.061983325,0.062279341,0.062770802,0.063311648,0.063618282,0.063942185
2025-11-26,0.062219553,0.059571376,0.060643628,0.063913326,0.061456062,0.061730355,0.06205692,0.062314485,0.06279543,0.063302083,0.063608198,0.063939908
2025-11-27,0.061766685,0.059571376,0.060643628,0.06363186,0.06144823,0.061730355,0.06205692,0.062318407,0.062789539,0.06329715,0.063610418,0.063940699
2025-11-28,0.062287732,0.059571376,0.060643628,0.063902371,0.061665918,0.061951297,0.062272471,0.062523852,0.063011112,0.063439459,0.063675269,0.06400103
2025-12-01,0.063819574,0.060537063,0.063214779,0.062505205,0.06239807,0.062747394,0.063035341,0.063329475,0.063924386,0.064284881,0.064563713,0.064742277
2025-12-02,0.064651924,0.062815892,0.06417331,0.064091546,0.063928967,0.064353969,0.064795094,0.064992705,0.065377389,0.065797456,0.066007744,0.066169671
2025-12-03,0.065960679,0.063629824,0.064950539,0.064457268,0.064732473,0.065150346,0.065525914,0.065716744,0.066324643,0.066673666,0.066966692,0.067202821
2025-12-04,0.065822935,0.063629824,0.065188621,0.064560396,0.06473292,0.065150346,0.065513456,0.06570734,0.066319053,0.066676389,0.066957045,0.067194494
2025-12-05,0.06624599,0.063707324,0.065177169,0.064914646,0.065054488,0.065552599,0.065844358,0.066025123,0.066642059,0.067067499,0.067358512,0.067597671
2025-12-08,0.067498849,0.064414374,0.064836245,0.065572362,0.065997246,0.066358443,0.066675706,0.066840843,0.067398404,0.06776077,0.068146111,0.068368877
2025-12-09,0.068095109,0.064753283,0.065074347,0.066040518,0.066510103,0.066871755,0.067123467,0.067192537,0.067760851,0.068112529,0.068506076,0.068486538
2025-12-10,0.067927936,0.065237338,0.065312407,0.066003073,0.066510661,0.066866228,0.067118161,0.067193839,0.067761168,0.0681035,0.068505182,0.068489633
2025-12-11,0.06848843,0.065382532,0.065902611,0.066143482,0.066660558,0.067008185,0.067241812,0.067337655,0.067895025,0.068257469,0.068633039,0.068623236
2025-12-12,0.06848843,0.065382532,0.065890909,0.066131759,0.066660558,0.066998793,0.067235223,0.067328553,0.067898071,0.068250356,0.068630788,0.068619144
2025-12-15,0.068344409,0.065382532,0.065902611,0.066143482,0.0666585,0.067008185,0.067249545,0.067411614,0.067978285,0.068329526,0.068721939,0.068789007
2025-12-16,0.067790259,0.065082453,0.065664657,0.065862644,0.066587009,0.066791393,0.067033219,0.067353638,0.067905383,0.068271703,0.068650509,0.068714155
2025-12-17,0.068065608,0.065159897,0.065664657,0.06592818,0.066661972,0.066867112,0.067110312,0.067419127,0.067980255,0.068331458,0.068729363,0.068791893
2025-12-18,0.068065608,0.065159897,0.065664657,0.065862644,0.066661972,0.066867112,0.067102604,0.067415176,0.067974148,0.068334313,0.068722795,0.068787212
2025-12-19,0.068350772,0.065305096,0.066128737,0.065991399,0.066803286,0.066999675,0.067229886,0.067556068,0.068118003,0.068478336,0.068856563,0.068922921
2025-12-22,0.069042352,0.066166397,0.067453031,0.066471028,0.067168195,0.067372521,0.067657923,0.067845431,0.068485709,0.068921324,0.069367027,0.069372124
2025-12-23,0.070179274,0.066466314,0.067690666,0.06683588,0.06730915,0.067512624,0.067797015,0.067987457,0.068626284,0.069140536,0.069580961,0.069582192
2025-12-24,0.070739457,0.066243799,0.067928259,0.066901352,0.067743237,0.067955378,0.068244143,0.068430309,0.06898005,0.069423946,0.06970888,0.069872594
2025-12-25,0.070218588,0.066911269,0.068403317,0.067770792,0.068114544,0.068397245,0.068668128,0.068838009,0.069420129,0.06985758,0.070133013,0.070285094
2025-12-26,0.07013996,0.066833893,0.068628096,0.067104378,0.06818113,0.068388372,0.068655607,0.068851878,0.069342537,0.069771624,0.070057257,0.070226531
2025-12-29,0.07037892,0.066833893,0.067985275,0.067266048,0.068111322,0.068321625,0.068608646,0.06878506,0.069346357,0.069785306,0.070082555,0.070239708
2025-12-30,0.070385667,0.066833893,0.067985275,0.067266048,0.068113973,0.068321625,0.068608646,0.06878506,0.069347858,0.069785306,0.070077245,0.070235043
2025-12-31,0.070877034,0.066839945,0.067040745,0.067266048,0.068112293,0.06832212,0.068632296,0.06878506,0.069346906,0.069785262,0.07009236,0.070237379
2026-01-05,0.070506657,0.069144226,0.068960575,0.069199517,0.069777205,0.070345576,0.070657114,0.070765447,0.071197099,0.071544299,0.07169682,0.071747416
2026-01-06,0.069530545,0.068928443,0.068780115,0.068919535,0.069641424,0.070132985,0.070517047,0.070698376,0.070981334,0.071400247,0.071546906,0.071602911
2026-01-07,0.069530545,0.068696494,0.068780115,0.068630139,0.069348012,0.069839556,0.070295805,0.070486584,0.070846477,0.071266751,0.071551778,0.071773994
2026-01-08,0.068911207,0.068628837,0.068704124,0.06848074,0.06920817,0.069697025,0.070153274,0.070340183,0.070690261,0.071119132,0.071412998,0.071466999
2026-01-09,0.068173776,0.068406521,0.068485627,0.068468184,0.069210735,0.069699649,0.070149897,0.070330385,0.07069503,0.071123823,0.071409112,0.071462619
2026-01-10,0.068173776,0.068406521,0.068472996,0.068474461,0.069198944,0.069689493,0.070142801,0.070340377,0.070686492,0.07111611,0.071406715,0.071471692
2026-01-12,0.068295253,0.068400183,0.069653698,0.06848074,0.069207673,0.069695263,0.070131264,0.07034699,0.070696597,0.071124207,0.071401464,0.071476177
2026-01-13,0.068301607,0.068406521,0.069966909,0.06848074,0.06921029,0.069699649,0.070124008,0.07034699,0.070698085,0.071126899,0.071396753,0.071471377
2026-01-14,0.069284787,0.068474185,0.070289535,0.06848074,0.069206871,0.06969885,0.070116535,0.07034699,0.070696141,0.071126409,0.071386434,0.071473781
2026-01-15,0.069156987,0.06818418,0.070602598,0.068630139,0.069349314,0.069845616,0.070176581,0.070402417,0.070684037,0.071116051,0.071381313,0.071459955
2026-01-16,0.069156987,0.06818418,0.069653698,0.068617528,0.069349314,0.069845616,0.070190201,0.070392581,0.070687342,0.071119129,0.071388364,0.071455561
2026-01-19,0.06927825,0.068400183,0.069966909,0.068844861,0.069563902,0.070067895,0.070345164,0.070633434,0.070905107,0.071176984,0.071535802,0.071532633
2026-01-20,0.06848843,0.068106838,0.069966909,0.06877018,0.069569354,0.070075863,0.070345164,0.070636169,0.0709082,0.07118185,0.071535802,0.071529701
2026-01-21,0.068065608,0.068068166,0.069492318,0.068667485,0.069466713,0.069961659,0.070240792,0.070523897,0.070805624,0.07107846,0.071433286,0.071419977
2026-01-22,0.068065608,0.06799082,0.069492318,0.068667485,0.069390984,0.069886128,0.070163855,0.070439725,0.070723792,0.070997196,0.071359945,0.071346769
2026-01-23,0.068911207,0.06799082,0.069492318,0.068580194,0.069388035,0.069886128,0.070155475,0.070432615,0.070725433,0.071000258,0.071352753,0.071344233
2026-01-26,0.069320848,0.069607905,0.069815058,0.068592791,0.069381236,0.069862443,0.070156374,0.07044927,0.070724878,0.070988845,0.071357829,0.071357786
2026-01-27,0.069396193,0.06829052,0.069815058,0.068667485,0.069383656,0.069882581,0.070156374,0.070446542,0.070726251,0.071001146,0.071357829,0.071351187
2026-01-28,0.06989424,0.068512849,0.069815058,0.069022204,0.069753711,0.070319441,0.070454466,0.070655941,0.070936856,0.071207493,0.071497744,0.071484311
2026-01-29,0.070385667,0.068512849,0.069815058,0.069059536,0.069818225,0.070395866,0.07053139,0.070725052,0.071004813,0.071277034,0.0715666,0.071552955
2026-01-30,0.070525634,0.068512849,0.069815058,0.069046768,0.069788855,0.070395866,0.07052292,0.070715099,0.070983675,0.071280108,0.071559338,0.071548523
2026-02-02,0.071852559,0.068950995,0.070128232,0.070616885,0.070092893,0.070605771,0.070745217,0.070819728,0.071132774,0.071415735,0.071713587,0.07158668
2026-02-03,0.076768804,0.070145735,0.071237984,0.069992372,0.071284875,0.071665283,0.071795518,0.071924906,0.072176513,0.072468628,0.072751223,0.072666611
2026-02-04,0.074813451,0.070184367,0.071237984,0.069759244,0.071219176,0.071664813,0.071795518,0.071933608,0.072253642,0.072537493,0.072904905,0.072825419
2026-02-05,0.075402563,0.070039493,0.071076795,0.069759244,0.071113169,0.071552034,0.071684037,0.071810529,0.07214923,0.072428703,0.072796225,0.072713821
2026-02-06,0.07716939,0.070628584,0.071389673,0.06974622,0.071324285,0.071764396,0.072032887,0.07217714,0.072579534,0.072872042,0.073304214,0.073302334
2026-02-09,0.076956987,0.070110104,0.071711956,0.069759244,0.071237195,0.071699186,0.07188994,0.072049584,0.072355483,0.072652008,0.073087512,0.073022758
2026-02-10,0.076768804,0.07011676,0.071711956,0.069992372,0.071247085,0.071703813,0.07188994,0.072040866,0.07236382,0.072654826,0.073087512,0.07301187
2026-02-11,0.074813451,0.069894608,0.070763844,0.069992372,0.071115232,0.071553792,0.071768336,0.071886252,0.072228612,0.072515139,0.072943903,0.072861621
2026-02-12,0.073242073,0.069894608,0.070763844,0.069992372,0.071120736,0.071553792,0.071768336,0.07187915,0.072231719,0.072508784,0.07294677,0.072854541
2026-02-13,0.073242073,0.069894608,0.070763844,0.069979261,0.071120736,0.071553792,0.071759552,0.071868912,0.072224859,0.072511965,0.072939253,0.072849977
2026-02-23,0.073227467,0.071828216,0.070128232,0.070300017,0.071174963,0.071601872,0.071850709,0.071952072,0.072287962,0.072563641,0.0730359,0.072932711
2026-02-24,0.072841908,0.0718352,0.070128232,0.070300017,0.071119271,0.071530265,0.071783425,0.071874778,0.072230892,0.072500807,0.07295941,0.072851388
2026-02-25,0.072849135,0.0718352,0.070270559,0.070300017,0.071122113,0.071530265,0.071780045,0.071874778,0.072232497,0.072500807,0.072951478,0.072853867
2026-02-26,0.073634974,0.0718352,0.070270559,0.070300017,0.071185511,0.071606601,0.071847326,0.071944979,0.072296648,0.072560186,0.073030833,0.072923133
2026-02-27,0.07432246,0.07190275,0.070270559,0.070286792,0.0711831,0.071605782,0.071838485,0.071934666,0.07228842,0.072562859,0.07302331,0.072918531
2026-03-02,0.075771802,0.073532541,0.071357006,0.070616885,0.071910706,0.072312442,0.072633225,0.072902615,0.073097163,0.073428908,0.073736175,0.073487909
2026-03-03,0.075771802,0.073694029,0.071499147,0.071231697,0.072203546,0.072677851,0.072850729,0.073101468,0.073302706,0.073644614,0.073805828,0.073686659
2026-03-04,0.075771802,0.073742205,0.07248424,0.072181117,0.072279108,0.072818903,0.072961766,0.073202966,0.073449695,0.073856024,0.07392495,0.07380813
2026-03-05,0.075448032,0.073563755,0.072470107,0.072395077,0.072409208,0.073035744,0.073184156,0.073497622,0.073738155,0.074153133,0.07429938,0.0741758
2026-03-06,0.075432539,0.073571077,0.071842752,0.072381062,0.072409466,0.073046214,0.07321055,0.073486722,0.073741108,0.074162062,0.074318941,0.074170966
2026-03-09,0.075771802,0.07389636,0.072796664,0.072460187,0.072496325,0.073113903,0.073260789,0.073576017,0.073825373,0.07422211,0.074368484,0.074255384
2026-03-10,0.075771802,0.073742205,0.07248424,0.072460187,0.072496325,0.073115866,0.07326845,0.073576017,0.073818213,0.074226617,0.0743764,0.07425033
2026-03-11,0.075771802,0.07389636,0.07248424,0.072674087,0.072713508,0.07333163,0.073480145,0.073782361,0.074037429,0.074433515,0.074586833,0.074456541
2026-03-12,0.075771802,0.074363054,0.072782411,0.072674087,0.072700613,0.073320915,0.073464407,0.073786076,0.074028028,0.074429474,0.074579065,0.074464096
2026-03-13,0.075756176,0.074370535,0.072789537,0.072734326,0.072776384,0.073331488,0.073475284,0.073772231,0.074027781,0.074438492,0.074588591,0.074457297
2026-03-16,0.075771802,0.074378018,0.07311848,0.072822861,0.072855131,0.073403281,0.073550503,0.073784089,0.074034995,0.074431874,0.074577862,0.074465289
2026-03-17,0.075448032,0.074378018,0.07311848,0.072822861,0.072856366,0.073403281,0.073550503,0.073784089,0.074028506,0.074435194,0.07458083,0.074460214
2026-03-18,0.075771802,0.074378018,0.07311848,0.072822861,0.072855131,0.0733922,0.073541368,0.073776685,0.074031406,0.074426657,0.074572938,0.074452709
2026-03-19,0.075771802,0.074363054,0.073416255,0.073036684,0.073059232,0.073606775,0.073746194,0.074071239,0.074315691,0.074574229,0.074713583,0.074589678
2026-03-20,0.075756176,0.074370535,0.073423504,0.073022423,0.073059523,0.073617418,0.073757171,0.07406015,0.074318707,0.074583287,0.07472318,0.074584771
2026-03-23,0.075771802,0.074378018,0.073430755,0.073036684,0.073072259,0.073622507,0.073763584,0.074074969,0.074328801,0.074579739,0.074721386,0.074594734
2026-03-24,0.075771802,0.074946225,0.074064543,0.073575688,0.073478102,0.074024975,0.074150965,0.074459335,0.074714657,0.07497435,0.075112625,0.074985846
2026-03-25,0.075771802,0.075100286,0.074376596,0.07378935,0.073695132,0.074230786,0.074354585,0.074665312,0.074933784,0.075181311,0.075317657,0.075111459
2026-03-26,0.075771802,0.075085032,0.074361723,0.07364072,0.073681876,0.074226115,0.074346169,0.074674853,0.074924136,0.07518104,0.075314735,0.075123008
2026-03-27,0.076079787,0.075901122,0.074681076,0.074415259,0.074548482,0.075140644,0.07505932,0.075297909,0.075563112,0.075822208,0.07597123,0.075914728
2026-03-30,0.076262313,0.076390085,0.074064543,0.074643543,0.074711859,0.075282453,0.07522556,0.075459152,0.07572293,0.075965958,0.076131644,0.076061743
2026-03-31,0.07627023,0.077033074,0.074064543,0.075144578,0.075360084,0.07586522,0.076040961,0.076181596,0.076445167,0.076693155,0.076860633,0.076776002
