bond_id,obs_date,group,tenor_bucket,par_value,obs_dirty_price,delta,status,n_eval,resid_price,message,price_hash
OCBL2326012,2023-11-15,LB_G3,3Y,1000000000000.0,100.0,-5.323727838438067e-10,ok,8,4.0077452467812686e-10,,253003df42ece42461230cb1f71c2ce2048a951d
OCBL2326014,2023-11-27,LB_G3,3Y,1000000000000.0,100.0,0.0011222214343015,ok,8,4.760210003951214e-10,,966a1ff73b440407b751beb8e13c189318b801c8
TPBL2326014,2023-11-30,LB_G2,3Y,2000000000000.0,100.0,0.0041079165747472,ok,8,7.102300969563656e-10,,49d8c33a2281b4316fa85023c20f93af20448c24
LPBH2124014,2023-12-13,LB_G2,1Y,1000000000000.0,100.0,-0.0245319074628219,ok,9,3.215490096408757e-10,,65aca45c3701174ac08801ef7a694ca27d419a8c
OCBL2326015,2023-12-14,LB_G3,3Y,2000000000000.0,100.0,-0.0132559500703725,ok,8,1.1965539670200087e-11,,3d140530a8ee19d92b52c8444f47725044eef5b3
LPBH2124015,2023-12-15,LB_G2,1Y,1000000000000.0,100.0,-0.0244992144024716,ok,9,3.28043370245723e-10,,77b13922da7d645aa023a704d3ca22096458d3e7
LPBH2124016,2023-12-21,LB_G2,1Y,990000000000.0,100.0,-0.0123635708491782,ok,8,1.3770318219030742e-11,,9a292adc468c853a69c42fddd0889e764d455bdb
VIBL2225003,2024-04-01,LB_G2,1Y,1000000000000.0,100.0106849315,0.012359602963965,ok,8,1.501746282883687e-09,,937a6475894eb5c4f137777a66ded26f96a5a7c0
MSBL2427002,2024-04-22,LB_G3,3Y,2000000000000.0,100.0,-0.0383198701067206,ok,8,8.648028995139612e-07,,d71eb11c2ae830863ed6af1606bd49edb0201a6f
MSBL2225002,2024-05-17,LB_G3,1Y,1000000000000.0,100.0,-0.0366032437948182,ok,9,1.0373923942097465e-12,,8dae1bdd82c2362f08bc1d719ad497d1361570cb
TPBL2225006,2024-05-27,LB_G2,1Y,500000000000.0,100.0235616438,-0.0115964750156116,ok,8,1.8673063095775436e-11,,0d8862bd97eb0242e6bea8f3eb9b43a1c9494852
TPBL2225008,2024-05-27,LB_G2,1Y,999000000000.0,100.0,-0.011440254209283,ok,8,1.9980461729574017e-11,,225116b7d7ac9517a37eff543068f8add19096c5
HDBL2225002,2024-05-30,LB_G3,1Y,1500000000000.0,100.0,-0.0412497200924148,ok,10,1.02991748462955e-09,,a42289680e0795f80b71cb3519ae4b88a40b7338
HDBL2225003,2024-05-31,LB_G3,1Y,1100000000000.0,100.0,-0.0413236968854012,ok,10,1.0414282769488634e-09,,702ef3dcf58ffa14ee87148ff188cb153bbd9cc6
MSB12404,2024-06-05,LB_G3,3Y,2000000000000.0,100.0,-0.0278190036874646,ok,9,1.3339729321160118e-10,,d41a16d21c667d8b21d7c29fd5e10c4fbb36e28b
SIN12406,2024-06-13,FB,2Y,1000000000000.0,100.0,-1.387303121904027e-10,ok,8,3.95715460399515e-10,,bedd8d115d138c032990c064795e589151756bf9
TCBL2225005,2024-06-14,LB_G2,1Y,1500000000000.0,100.0,-0.0122674859923211,ok,8,1.425348727934761e-11,,1e8d9f38fe01d21492623ab854182fd2209beddb
TCBL2225006,2024-06-17,LB_G2,1Y,1500000000000.0,100.0,-0.0121601846897596,ok,8,1.4424017535930034e-11,,7ef215346c95238a12c0b2a4edf05f7414a8c640
TCBL2427008,2024-06-28,LB_G2,3Y,2000000000000.0,100.0,0.0090934441043035,ok,8,1.1769003549488843e-09,,f1764c37bd34fe9cdeb1a94fa7fcb0e4a8eb821b
TPBL2427005,2024-06-28,LB_G2,3Y,1500000000000.0,100.0,0.0078920154687244,ok,8,1.054473841577419e-09,,74aecfccce23bdb5f48d6073752f80af5c6d022b
HDBL2427010,2024-07-31,LB_G3,3Y,3000000000000.0,100.0,-1.4726417789442806e-10,ok,8,3.9574388210894535e-10,,49ba63c8d266de6452a7a5706c409d43c4b4c608
TCBL2326005,2024-07-31,LB_G2,2Y,2000000000000.0,100.0,0.0108383226925072,ok,8,1.359524048893945e-09,,945b33c4e38b282e27aa7a20da0405b43e26d18f
VPBB2427001,2024-08-16,LB_G2,3Y,4000000000000.0,100.0,0.0051288242755968,ok,8,7.907630106274154e-10,,9dcc1ba7ca75279e96eb6cfa2150b291e468522d
VIBL2125014,2024-08-26,LB_G2,1Y,400000000000.0,100.0,-0.0148887512849076,ok,8,2.9274360713316128e-12,,2a532728f9ba7ffe62ee69bff0c5f6a214da121a
HDBL2125010,2024-09-20,LB_G3,15M,400000000000.0,102.7296389,0.0023425999270965,ok,8,1.7053025658242404e-13,,e43701964f1fff0d4a70c4cc38b2a3ec8817ffee
HDBL2125015,2024-09-20,LB_G3,15M,600000000000.0,102.62279809999998,0.0023288254974566,ok,8,3.2684965844964614e-13,,50cfa0435beaadcb9560904da4548ade83a6db40
VIBL2125018,2024-09-20,LB_G2,1Y,500000000000.0,103.199695,0.0024005006427512,ok,8,-2.8421709430404014e-14,,5491b665138ed99a4e15cf9cfa8621cf9e2a9759
TPBL2125019,2024-09-25,LB_G2,15M,400000000000.0,102.93056599999998,0.0025229114569843,ok,8,7.105427357601003e-14,,6b22a9a5a70d4fc5e45de6fa8c5267d1edc202cc
VIBL2427005,2024-09-27,LB_G2,3Y,2000000000000.0,100.0,0.002274509688776,ok,8,5.535980562854093e-10,,0043f46bc367f311a006aee64bdd424b21181f59
VIBL2125016,2024-10-28,LB_G2,1Y,1000000000000.0,100.0104109589,-0.0090239517208441,ok,8,4.9723780648491805e-11,,3c6c6b46b5a719f728b2cf59295a83ee73b57f7f
VIBL2125018,2024-11-04,LB_G2,1Y,500000000000.0,100.0,-0.0102218852245625,ok,8,3.312550234113587e-11,,2e73d77f17a45727671433905338de57dff3f509
VIBL2125019,2024-11-08,LB_G2,1Y,650000000000.0,100.0,-0.0105541082352407,ok,8,2.9885427466069814e-11,,9bb8befda597f7b65aa2ddaa9500ff679097bbe4
MSBL2427010,2024-11-14,LB_G3,3Y,1000000000000.0,100.0,-1.3873060744914748e-10,ok,8,3.95715460399515e-10,,a63dc09874c35dafad84ab7d668bc6f37f7e59d0
OCBL2326012,2024-11-15,LB_G3,2Y,1000000000000.0,100.0,0.0074035919915255,ok,8,1.5776919326526695e-08,,253003df42ece42461230cb1f71c2ce2048a951d
OCBL2326014,2024-11-27,LB_G3,2Y,1000000000000.0,100.0,0.0073222313488911,ok,8,1.5572226175208925e-08,,966a1ff73b440407b751beb8e13c189318b801c8
ABBL2426002,2024-11-28,LB_G3,2Y,200000000000.0,100.0,-9.651008124872389e-11,ok,8,3.9568703869008454e-10,,da6343e9f147fe1f823f53cb752b800b333d8d7d
TPBL2125019,2024-11-29,LB_G2,1Y,400000000000.0,100.0,-0.018879827300554,ok,7,-1.0748341594535304e-06,,4f5f688a86538388daceeaa35d9d735d4b01fc82
TPBL2326014,2024-12-02,LB_G2,2Y,2000000000000.0,100.0,0.004462473164265,ok,8,7.133849067031406e-10,,49d8c33a2281b4316fa85023c20f93af20448c24
HDBL2125010,2024-12-09,LB_G3,1Y,400000000000.0,100.0,-0.0204559954436975,ok,9,7.204761232060263e-10,,4ff55bbb7f1fe0bab2ba831d81b58c30f6e6c0a7
OCBL2427024,2024-12-12,LB_G3,3Y,2000000000000.0,100.0,3.560474956696436e-10,ok,8,3.9568703869008454e-10,,228538e66bd02547bdb3d4a45b74cf0b5313205c
VIBL2427009,2024-12-13,LB_G2,3Y,2000000000000.0,100.0,-0.0024014735327436,ok,8,2.6112445539183677e-10,,2ce87ea3532a796c77b655b1f10b936d931cd3db
HDBL2125015,2024-12-17,LB_G3,1Y,600000000000.0,100.0,-0.0231523427942487,ok,9,4.2992098769900617e-10,,8c62179f01b5cbe74fd74f93540340b8f97eaeb6
ABBL2426004,2024-12-24,LB_G3,2Y,400000000000.0,100.0,-0.0014431944955942,ok,8,3.10805603476183e-10,,2194dbb11ea72ed301c2364939514872d97a48ca
HDBL2427028,2024-12-24,LB_G3,3Y,1000000000000.0,100.0,-0.0025569646272739,ok,8,3.992752795056731e-09,,b28d2e7166b49a9d963b9d2baea11f9153505032
PGB12401,2024-12-30,LB_G3,2Y,1000000000000.0,100.0,0.0020923885061621,ok,8,5.399698466135304e-10,,84d8e46ffe1861dad23811edbc5ffc28937e2665
OCBL2326015,2025-01-14,LB_G3,2Y,2000000000000.0,100.43315013495,-0.0147375786375466,ok,8,4.420996901899344e-11,,b031907cea4b2d059dfd2bf7be200748022fe900
VIBL2226001,2025-02-28,LB_G2,1Y,948000000000.0,100.0,-0.0170562648609491,ok,7,3.410605131648481e-13,,a7e48043b71a1fe29712179823640d109d22c365
TCB12501,2025-04-21,LB_G2,3Y,3200000000000.0,100.0,0.0026972730989753,ok,8,5.86084070164361e-10,,736e4d284080d18af19a787ecadacb7bf9c9d005
MSBL2427002,2025-04-22,LB_G3,2Y,2000000000000.0,100.0,-0.0426187349217757,ok,10,1.2766932400154474e-08,,d71eb11c2ae830863ed6af1606bd49edb0201a6f
MSB12503,2025-04-23,LB_G3,3Y,2000000000000.0,100.0,1.8796983598202087e-10,ok,8,3.9570124954479974e-10,,9a06b299e5f4b68f727f1531a4656f295092bb55
OCB12501,2025-04-28,LB_G3,3Y,2000000000000.0,100.0,0.0003016698805012,ok,8,4.1504222281218967e-10,,2b6d8e7ee017694eb7b1db4ab6f37e0c62f1521e
TCB12409,2025-05-07,LB_G2,27M,2000000000000.0,104.6841326,-0.0012463850472503,ok,7,4.263256414560601e-14,,c411029b72694c13e4eddfd4dcc288afa0779497
VPB12504,2025-05-21,LB_G2,3Y,3000000000000.0,100.0,0.0021764667489452,ok,8,8.621569236311188e-09,,9ffffc3a0b63e8008f532a44a8848bc28aa0199f
MSB12404,2025-06-05,LB_G3,2Y,2000000000000.0,100.0,-0.005274321258195,ok,8,2.286213884872268e-09,,d41a16d21c667d8b21d7c29fd5e10c4fbb36e28b
SIN12406,2025-06-13,FB,1Y,1000000000000.0,100.0,-0.0164403806443956,ok,8,7.673861546209082e-13,,bedd8d115d138c032990c064795e589151756bf9
TCB12409,2025-06-30,LB_G2,2Y,2000000000000.0,100.0,0.0080442425017776,ok,8,1.043005681822251e-09,,2a9c79bcdc560ba2cb1a3abe4debd9bc01bc99e1
TCBL2427008,2025-06-30,LB_G2,2Y,2000000000000.0,100.0,0.0068357430410273,ok,8,9.26505094867025e-10,,f1764c37bd34fe9cdeb1a94fa7fcb0e4a8eb821b
TPBL2427005,2025-06-30,LB_G2,2Y,1500000000000.0,100.0,0.0056260983595349,ok,8,8.150493613356956e-10,,74aecfccce23bdb5f48d6073752f80af5c6d022b
VPB12509,2025-06-30,LB_G2,3Y,3000000000000.0,100.0,0.0046041341124972,ok,8,1.1732709026546218e-08,,43c50a214855ef253dd52bd7e050e9a2cd1664b8
VBA12503,2025-07-14,LB_G1,3Y,2000000000000.0,100.0,0.0045148088906911,ok,8,7.363354370681917e-10,,03697c4356b96b847ddffcc6a81580d9240364eb
VIB12503,2025-09-15,LB_G2,3Y,2000000000000.0,100.0,0.0045778331433141,ok,8,7.418776704071205e-10,,92a617f8af00101b551b8708eb5b7fd8b3e83373
VCB12501,2025-12-18,LB_G1,2Y,2000000000000.0,100.0,-0.0128261478212236,ok,8,1.0444978215673471e-11,,459c0b2209a818ba758577cbf70d2dfb9a79f494
VPB12517,2025-12-24,LB_G2,2Y,2000000000000.0,100.0,-0.0005716245561514,ok,8,3.6060043839825084e-10,,2ca7fee114fd4b2addf07f18d1ac9d52fcfbd80d
VBA12505,2025-12-25,LB_G1,2Y,5000000000000.0,100.0,-0.0005164991821386,ok,8,3.6392577840160806e-10,,98ff7fb430ff3130f1e2376b58a7189e37fee70e
VCB12602,2026-06-23,LB_G1,5Y,100000000000.0,100.0,0.0018918759835382,ok,8,7.644402444384468e-09,,03f02ec87ccf37df7c6f6054fa844d89d21894c7
VIBL12604,2026-08-21,LB_G2,3Y,3300000000000.0,100.0,0.0167164754550404,ok,8,-1.8002026536123592e-09,,144d23a67b433406f728a6b0d3c3fd9397c3a980
TPBL12608,2026-08-24,LB_G2,3Y,2000000000000.0,100.0,0.0058387175658935,ok,8,8.55663984111743e-10,,8e07eb814ac1df77e87312dadc1747b366ede83a
VCBL12610,2026-08-25,LB_G1,5Y,1000000000000.0,100.0,0.0113750609521551,ok,8,2.0541833123388642e-08,,e7160d6f8953acb5c3e3bb59dc012e42ad58acb8
VIBL12605,2026-09-16,LB_G2,3Y,3000000000000.0,100.0,0.0037050067074049,ok,8,6.673985808447468e-10,,dc597c28ac0aa7bf5c757178e03cb2c45bf73a99
