,3M,6M,9M,1Y,15M,18M,21M,2Y,27M,30M,33M,3Y,5Y,7Y,10Y,15Y,20Y,30Y
2025-06,-0.003935806128900283,-0.0037798533211753143,-0.0036321398346773116,-0.003492175955773154,-0.003359503017975263,-0.0032336913515825126,-0.003114338372595971,-0.0030010668012518515,-0.0028935230011943513,-0.0027913754309428765,-0.002694313199894869,-0.002602044721650473,-0.0020069307800017703,-0.001597981496935739,-0.0011959312812099003,-0.0008218976499636858,-0.0006199634271655424,-0.00041384845023839244
2025-07,-0.0025566176134427785,-0.0024553139206191397,-0.002359362319103301,-0.0022684447011280156,-0.0021822631265045567,-0.002100538490752194,-0.0020230092836977,-0.001949430432271491,-0.0018795722216689281,-0.001813219289455706,-0.0017501696875773928,-0.0016902340075872053,-0.0013036603971513802,-0.001038015468044177,-0.0007768520292595654,-0.000533887579704418,-0.0004027153182020802,-0.0002688273259717458
2025-08,-0.022492547892065094,-0.021601300741729466,-0.02075714008936304,-0.01995726729423362,-0.01919906114543791,-0.018480066144403614,-0.017797981583326537,-0.0171506513643508,-0.016536054508188097,-0.015952296304482735,-0.015397600059582076,-0.014870299400486875,-0.011469311548092529,-0.009132227089778898,-0.006834569777385997,-0.0046970230871990004,-0.0035429989740744846,-0.002365082471591374
2025-09,-0.022492547892065094,-0.021601300741729466,-0.02075714008936304,-0.01995726729423362,-0.01919906114543791,-0.018480066144403614,-0.017797981583326537,-0.0171506513643508,-0.016536054508188097,-0.015952296304482735,-0.015397600059582076,-0.014870299400486875,-0.011469311548092529,-0.009132227089778898,-0.006834569777385997,-0.0046970230871990004,-0.0035429989740744846,-0.002365082471591374
2025-10,-0.022492547892065094,-0.021601300741729466,-0.02075714008936304,-0.01995726729423362,-0.01919906114543791,-0.018480066144403614,-0.017797981583326537,-0.0171506513643508,-0.016536054508188097,-0.015952296304482735,-0.015397600059582076,-0.014870299400486875,-0.011469311548092529,-0.009132227089778898,-0.006834569777385997,-0.0046970230871990004,-0.0035429989740744846,-0.002365082471591374
2025-11,-0.022492547892065094,-0.021601300741729466,-0.02075714008936304,-0.01995726729423362,-0.01919906114543791,-0.018480066144403614,-0.017797981583326537,-0.0171506513643508,-0.016536054508188097,-0.015952296304482735,-0.015397600059582076,-0.014870299400486875,-0.011469311548092529,-0.009132227089778898,-0.006834569777385997,-0.0046970230871990004,-0.0035429989740744846,-0.002365082471591374
2025-12,-0.022492547892065094,-0.021601300741729466,-0.02075714008936304,-0.01995726729423362,-0.01919906114543791,-0.018480066144403614,-0.017797981583326537,-0.0171506513643508,-0.016536054508188097,-0.015952296304482735,-0.015397600059582076,-0.014870299400486875,-0.011469311548092529,-0.009132227089778898,-0.006834569777385997,-0.0046970230871990004,-0.0035429989740744846,-0.002365082471591374
2026-01,-0.022492547892065094,-0.021601300741729466,-0.02075714008936304,-0.01995726729423362,-0.01919906114543791,-0.018480066144403614,-0.017797981583326537,-0.0171506513643508,-0.016536054508188097,-0.015952296304482735,-0.015397600059582076,-0.014870299400486875,-0.011469311548092529,-0.009132227089778898,-0.006834569777385997,-0.0046970230871990004,-0.0035429989740744846,-0.002365082471591374
2026-02,-0.022492547892065094,-0.021601300741729466,-0.02075714008936304,-0.01995726729423362,-0.01919906114543791,-0.018480066144403614,-0.017797981583326537,-0.0171506513643508,-0.016536054508188097,-0.015952296304482735,-0.015397600059582076,-0.014870299400486875,-0.011469311548092529,-0.009132227089778898,-0.006834569777385997,-0.0046970230871990004,-0.0035429989740744846,-0.002365082471591374
2026-03,-0.022492547892065094,-0.021601300741729466,-0.02075714008936304,-0.01995726729423362,-0.01919906114543791,-0.018480066144403614,-0.017797981583326537,-0.0171506513643508,-0.016536054508188097,-0.015952296304482735,-0.015397600059582076,-0.014870299400486875,-0.011469311548092529,-0.009132227089778898,-0.006834569777385997,-0.0046970230871990004,-0.0035429989740744846,-0.002365082471591374
2026-04,-0.022492547892065094,-0.021601300741729466,-0.02075714008936304,-0.01995726729423362,-0.01919906114543791,-0.018480066144403614,-0.017797981583326537,-0.0171506513643508,-0.016536054508188097,-0.015952296304482735,-0.015397600059582076,-0.014870299400486875,-0.011469311548092529,-0.009132227089778898,-0.006834569777385997,-0.0046970230871990004,-0.0035429989740744846,-0.002365082471591374
2026-05,-0.022492547892065094,-0.021601300741729466,-0.02075714008936304,-0.01995726729423362,-0.01919906114543791,-0.018480066144403614,-0.017797981583326537,-0.0171506513643508,-0.016536054508188097,-0.015952296304482735,-0.015397600059582076,-0.014870299400486875,-0.011469311548092529,-0.009132227089778898,-0.006834569777385997,-0.0046970230871990004,-0.0035429989740744846,-0.002365082471591374
2026-06,-0.02777728927441223,-0.02667663895997623,-0.02563413836167225,-0.02464633128353858,-0.023709980647505638,-0.022822054022810904,-0.02197971013835785,-0.021180286309859474,-0.0204212867184082,-0.019700371481573005,-0.019015346462265548,-0.018364153764463497,-0.014164086086579531,-0.011277891451412723,-0.008440387575636983,-0.0058006131474214505,-0.004375445052916014,-0.002920770927619609
2026-07,-0.03389735961837482,-0.03255420697471917,-0.03128201596522303,-0.0300765689026863,-0.02893391549525894,-0.02785035518760383,-0.02682242070157223,-0.025846862693215032,-0.02492063544881205,-0.024040883548043266,-0.02320492942747905,-0.022410261782260354,-0.017284808283459296,-0.013762708754222797,-0.010300027844451488,-0.007078641400993169,-0.005339471140755204,-0.0035642938919752125
2026-08,-0.04380943408915123,-0.04207352433463441,-0.04042932641459582,-0.03887138932956289,-0.03739460766565131,-0.03599419877203044,-0.034665681488656085,-0.03340485631677158,-0.032207786932250765,-0.03107078294888908,-0.029990383845279838,-0.028963343974979204,-0.02233913430907308,-0.017787122325877945,-0.01331190381929677,-0.009148537744203671,-0.006900809138096971,-0.004606544583201341
