,delta,nguon,so_quan_sat,tong_menh_gia
2025-07,-0.0032521077257185397,observed,1,1500000000000.0
2025-08,-0.03184054710948855,observed,1,2488000000000.0
2025-09,-0.03184054710948855,carry:2025-08,0,
2025-10,-0.03184054710948855,carry:2025-08,0,
2025-11,-0.03184054710948855,carry:2025-08,0,
2025-12,-0.03184054710948855,carry:2025-08,0,
2026-01,-0.03184054710948855,carry:2025-08,0,
2026-02,-0.03184054710948855,carry:2025-08,0,
2026-03,-0.03184054710948855,carry:2025-08,0,
2026-04,-0.03184054710948855,carry:2025-08,0,
2026-05,-0.03184054710948855,carry:2025-08,0,
2026-06,-0.041797891365288664,observed,1,400000000000.0
2026-07,-0.04836119969311499,observed,2,600000000000.0
2026-08,-0.05414209752803342,observed,2,2500000000000.0
