bond_id,face,issue_date,maturity_date,call_exercise_dates,put_exercise_dates,call_strike,put_strike,coupon_accrual,annual_coupon_rate,coupon_change_date,ref_curve,ref_tenor,margin_date,margin,floor,cap,coupon_type_change_date,style,group,is_tier2,rolling_date
Test_change_coupon_type,100,5/29/2025,5/29/2033,5/29/2028,,100,,0.5,0.08;0.085,5/29/2026,SOB4,12M,5/29/2030,0.0115;0.0282,,,5/29/2027,European,LB_G1,1,5/29/2033
VCB12604,100,7/17/2026,7/17/2033,7/17/2028,,100,,0.5,,,SOB4,12M,7/17/2031,0.0197;0.026,,,,European,LB_G1,1,7/17/2033
VCBL12608,100,8/17/2026,8/17/2033,8/17/2028,,100,,0.5,,,SOB4,12M,8/17/2031,0.0197;0.026,,,,European,LB_G1,1,8/17/2033
VCB12606,100,8/6/2026,8/6/2036,8/6/2031,,100,,0.25,,,SOB4,12M,8/6/2031,0.021;0.033,,,,European,LB_G1,1,8/6/2036
VCB12603,100,7/6/2026,7/6/2036,7/6/2031,,100,,1,0.079,,,,,,,,,European,LB_G1,1,7/6/2036
VCB12601,100,6/2/2026,6/2/2036,6/2/2031,,100,,1,0.079,,,,,,,,,European,LB_G1,1,6/2/2036
VCBH2230004,100,7/22/2022,7/22/2030,7/22/2025,,100,,1,,,SOB4,12M,7/22/2027,0.009;0.0257,,,,European,LB_G1,1,7/22/2030
VCBH2237003,100,7/22/2022,7/22/2037,7/22/2032,,100,,1,0.068;0.07,7/22/2032,,,,,,,,European,LB_G1,1,7/22/2037
VCBH2237002,100,7/15/2022,7/15/2037,7/15/2032,,100,,1,0.068;0.07,7/15/2032,,,,,,,,European,LB_G1,1,7/15/2037
VCBH2237001,100,7/11/2022,7/13/2037,7/11/2032,,100,,1,0.068;0.07,7/11/2032,,,,,,,,European,LB_G1,1,7/11/2037
VCBL2329001,100,12/22/2023,6/22/2029,6/24/2024,,100,,1,,,SOB4,12M,12/22/2028,0.0065;0.035,,,,European,LB_G1,1,6/22/2029
VCBL2329002,100,12/22/2023,12/22/2029,12/22/2024,,100,,1,,,SOB4,12M,,0.0125,,,,European,LB_G1,1,12/22/2029
VCBH2131008,100,12/23/2021,12/23/2031,12/23/2026,,100,,1,0.067;0.069,12/23/2026,,,,,,,,European,LB_G1,1,12/23/2031
VCBH2131003,100,11/19/2021,11/19/2031,11/19/2026,,100,,1,0.067;0.069,11/19/2026,,,,,,,,European,LB_G1,1,11/19/2031
VCBH2131001,100,11/15/2021,11/17/2031,11/15/2026,,100,,1,0.067;0.069,11/15/2026,,,,,,,,European,LB_G1,1,11/15/2031
VCBH2232006,100,8/15/2022,8/16/2032,8/15/2027,,100,,1,,,SOB4,12M,,0.01,,,,European,LB_G1,1,8/15/2032
VCBH2230005,100,8/9/2022,8/9/2030,8/9/2025,,100,,1,,,SOB4,12M,8/9/2027,0.009;0.0257,,,,European,LB_G1,1,8/9/2030
VCB_BOND_RL06_2018_24,100,12/28/2018,12/30/2024,12/28/2019,,100,,1,,,SOB4,12M,,0.007,,,,European,LB_G1,1,12/28/2024
VCB_BOND_RL06_2018_23,100,12/26/2018,12/26/2024,12/26/2019,,100,,1,,,SOB4,12M,,0.007,,,,European,LB_G1,1,12/26/2024
VCB_BOND_RL06_2018_22,100,12/24/2018,12/24/2024,12/24/2019,,100,,1,,,SOB4,12M,,0.007,,,,European,LB_G1,1,12/24/2024
VCB_BOND_RL06_2018_21,100,12/20/2018,12/20/2024,12/20/2019,,100,,1,,,SOB4,12M,,0.007,,,,European,LB_G1,1,12/20/2024
VCB_BOND_RL06_2018_20,100,12/18/2018,12/18/2024,12/18/2019,,100,,1,,,SOB4,12M,,0.007,,,,European,LB_G1,1,12/18/2024
VCB_BOND_RL06_2018_19,100,12/14/2018,12/16/2024,12/14/2019,,100,,1,,,SOB4,12M,,0.007,,,,European,LB_G1,1,12/14/2024
VCB_BOND_RL06_2018_18,100,12/12/2018,12/12/2024,12/12/2019,,100,,1,,,SOB4,12M,,0.007,,,,European,LB_G1,1,12/12/2024
VCB_BOND_RL06_KHDN_2018_02,100,12/11/2018,12/11/2024,12/11/2019,,100,,1,,,SOB4,12M,,0.007,,,,European,LB_G1,1,12/11/2024
VCB_BOND_RL06_2018_17,100,12/10/2018,12/10/2024,12/10/2019,,100,,1,,,SOB4,12M,,0.007,,,,European,LB_G1,1,12/10/2024
VCB_BOND_RL06_2018_16,100,12/6/2018,12/6/2024,12/6/2019,,100,,1,,,SOB4,12M,,0.007,,,,European,LB_G1,1,12/6/2024
VCB_BOND_RL06_2018_15,100,12/4/2018,12/4/2024,12/4/2019,,100,,1,,,SOB4,12M,,0.007,,,,European,LB_G1,1,12/4/2024
VCB_BOND_RL06_2018_14,100,11/30/2018,11/29/2024,11/30/2019,,100,,1,,,SOB4,12M,,0.007,,,,European,LB_G1,1,11/30/2024
VCB_BOND_RL06_2018_13,100,11/28/2018,11/28/2024,11/28/2019,,100,,1,,,SOB4,12M,,0.007,,,,European,LB_G1,1,11/28/2024
VCB_BOND_RL06_2018_12,100,11/26/2018,11/26/2024,11/26/2019,,100,,1,,,SOB4,12M,,0.007,,,,European,LB_G1,1,11/26/2024
VCB_BOND_RL06_2018_11,100,11/22/2018,11/22/2024,11/22/2019,,100,,1,,,SOB4,12M,,0.007,,,,European,LB_G1,1,11/22/2024
VCB_BOND_RL06_2018_09,100,11/16/2018,11/18/2024,11/16/2019,,100,,1,,,SOB4,12M,,0.007,,,,European,LB_G1,1,11/16/2024
VCB_BOND_RL06_2018_07,100,11/12/2018,11/12/2024,11/12/2019,,100,,1,,,SOB4,12M,,0.007,,,,European,LB_G1,1,11/12/2024
VCB_BOND_RL06_KHDN_2018_01,100,11/1/2018,11/1/2024,11/1/2019,,100,,1,,,SOB4,12M,,0.007,,,,European,LB_G1,1,11/1/2024
VCB_BOND_RL06_2018_03,100,10/31/2018,10/31/2024,10/31/2019,,100,,1,,,SOB4,12M,,0.007,,,,European,LB_G1,1,10/31/2024
VCB_BOND_RL15_2017_9,100,11/16/2017,11/16/2032,11/16/2027,,100,,1,0.08;0.085,11/16/2027,,,,,,,,European,LB_G1,1,11/16/2032
VCB_BOND_RL15_2017_7,100,11/3/2017,11/3/2032,11/3/2027,,100,,1,0.08;0.085,11/3/2027,,,,,,,,European,LB_G1,1,11/3/2032
VCBH2131007,100,12/3/2021,12/3/2031,12/3/2026,,100,,1,,,SOB4,12M,,0.01,,,,European,LB_G1,1,12/3/2031
VCBH2128006,100,12/3/2021,12/3/2028,12/3/2023,,100,,1,,,SOB4,12M,,0.006,,,,European,LB_G1,1,12/3/2028
VCBH2131005,100,11/24/2021,11/24/2031,11/24/2026,,100,,1,,,SOB4,12M,,0.01,,,,European,LB_G1,1,11/24/2031
VCBH2128002,100,11/19/2021,11/20/2028,11/19/2023,,100,,1,,,SOB4,12M,,0.006,,,,European,LB_G1,1,11/19/2028
VCBH2128004,100,11/24/2021,11/24/2028,11/24/2023,,100,,1,,,SOB4,12M,,0.006,,,,European,LB_G1,1,11/24/2028
VCB_BOND_RL6_2018_8,100,12/26/2018,12/26/2024,12/26/2019,,100,,1,,,SOB4,12M,,0.007,,,,European,LB_G1,1,12/26/2024
VCB_BOND_RL7_2018_9,100,12/27/2018,12/29/2025,12/27/2020,,100,,1,,,SOB4,12M,,0.008,,,,European,LB_G1,1,12/27/2025
VCB_BOND_RL10_2017_11,100,12/20/2017,12/20/2027,12/20/2022,,100,,1,,,SOB4,12M,,0.01,,,,European,LB_G1,1,12/20/2027
VCB_BOND_RL07_2017_10,100,12/15/2017,12/16/2024,12/15/2019;12/15/2020;12/15/2021;12/15/2022;12/15/2023,,100;100;100;100;100,,1,,,SOB4,12M,,0.012,,,,Bermudan,LB_G1,1,12/15/2024
VCB_BOND_RL15_2018_7,100,12/27/2018,12/27/2033,12/27/2028,,100,,1,0.08;0.085,12/27/2028,,,,,,,,European,LB_G1,1,12/27/2033
VCBH2237004,100,7/22/2022,7/22/2030,7/22/2025,,100,,1,,,SOB4,12M,7/22/2027,0.009;0.0257,,,,European,LB_G1,1,7/22/2030
VCB_BOND_RL15_2018_1,100,10/22/2018,10/24/2033,10/22/2028,,100,,1,0.08;0.085,10/22/2028,,,,,,,,European,LB_G1,1,10/22/2033
VCB_BOND_RL10_2017_6,100,9/19/2017,9/20/2027,9/19/2022,,100,,1,0.075;0.08,9/19/2022,,,,,,,,European,LB_G1,1,9/19/2027
VCB_BOND_RL15_2018_6,100,11/21/2018,11/21/2033,11/21/2028,,100,,1,0.08;0.085,11/21/2028,,,,,,,,European,LB_G1,1,11/21/2033
VCB_BOND_RL15_2018_3,100,10/29/2018,10/31/2033,10/29/2028,,100,,1,0.08;0.085,10/29/2028,,,,,,,,European,LB_G1,1,10/29/2033
VCB_BOND_RL15_2018_2,100,10/26/2018,10/26/2033,10/26/2028,,100,,1,0.08;0.085,10/26/2028,,,,,,,,European,LB_G1,1,10/26/2033
VCB_BOND_RL15_2017_8,100,11/6/2017,11/8/2032,11/6/2027,,100,,1,0.08;0.085,11/6/2027,,,,,,,,European,LB_G1,1,11/6/2032
VCB_BOND_RL06_2018_10,100,11/20/2018,11/20/2024,11/20/2019,,100,,1,,,SOB4,12M,,0.007,,,,European,LB_G1,1,11/20/2024
VCB_BOND_RL06_2018_08,100,11/14/2018,11/14/2024,11/14/2019,,100,,1,,,SOB4,12M,,0.007,,,,European,LB_G1,1,11/14/2024
VCB_BOND_RL06_2018_06,100,11/8/2018,11/8/2024,11/8/2019,,100,,1,,,SOB4,12M,,0.007,,,,European,LB_G1,1,11/8/2024
VCB_BOND_RL06_2018_05,100,11/6/2018,11/6/2024,11/6/2019,,100,,1,,,SOB4,12M,,0.007,,,,European,LB_G1,1,11/6/2024
VCB_BOND_RL06_2018_04,100,11/2/2018,11/2/2024,11/2/2019,,100,,1,,,SOB4,12M,,0.007,,,,European,LB_G1,1,11/2/2024
VCB_BOND_RL06_2018_02,100,10/26/2018,10/28/2024,10/26/2019,,100,,1,,,SOB4,12M,,0.007,,,,European,LB_G1,1,10/26/2024
VCB_BOND_RL06_2018_01,100,10/23/2018,10/23/2024,10/23/2019,,100,,1,,,SOB4,12M,,0.007,,,,European,LB_G1,1,10/23/2024
VCBH2232007,100,8/24/2022,8/24/2032,8/24/2027,,100,,1,0.067;0.069,8/24/2027,,,,,,,,European,LB_G1,1,8/24/2032
VCB_BOND_RL15_2018_5,100,11/19/2018,11/21/2033,11/19/2028,,100,,1,0.08;0.085,11/19/2028,,,,,,,,European,LB_G1,1,11/19/2033
VCB_BOND_RL15_2018_4,100,11/12/2018,11/14/2033,11/12/2028,,100,,1,0.08;0.085,11/12/2028,,,,,,,,European,LB_G1,1,11/12/2033
VCB_BOND_RL15_2017_12,100,12/20/2017,12/20/2032,12/20/2027,,100,,1,0.08;0.085,12/20/2027,,,,,,,,European,LB_G1,1,12/20/2032
VBA125019,100,7/29/2025,7/29/2035,7/29/2030,,100,,1,,,SOB4,12M,7/29/2030,0.018;0.03,,,,European,LB_G1,1,7/29/2035
VIBL2431010,100,12/18/2024,12/18/2031,12/18/2026,,100,,1,,,SOB4,12M,12/18/2029,0.028;0.038,,,,European,LB_G2,1,12/18/2031
BID12513,100,5/29/2025,5/29/2033,5/29/2028,,100,,0.5,,,SOB4,12M,5/29/2030,0.0115;0.0282,,,,European,LB_G1,1,5/29/2033
HDBC8Y253302,100,8/20/2025,8/20/2033,8/20/2028,,100,,1,,,SOB4,12M,,0.02,,,,European,LB_G3,1,8/20/2033
CTG12502,100,4/28/2025,4/28/2033,4/18/2028,,100,,1,,,SOB4,12M,4/28/2030,0.012; 0.0287,,,,European,LB_G1,1,4/28/2033
CTG12506,100,6/20/2025,6/20/2033,6/20/2028,,100,,1,,,SOB4,12M,6/20/2030,0.0115;0.0282,,,,European,LB_G1,1,6/20/2033
BIDL2230011,100,6/23/2022,6/23/2030,6/23/2025,,100,,1,,,SOB4,12M,6/23/2027,0.009;0.0257,,,,European,LB_G1,1,6/23/2030
VIB_BOND_L1_2017_003,100,12/14/2017,12/14/2024,12/16/2019;12/14/2020;12/14/2021;12/14/2022;12/14/2023 ,,100;100;100;100;100,,1,,,SOB4,12M,,0.012,,,,Bermudan,LB_G2,1,12/14/2024
VIB_BOND_L1_2017_002,100,12/13/2017,12/13/2024,12/13/2019;12/13/2020;12/13/2021;12/13/2022;12/13/2023,,100;100;100;100;100,,1,,,SOB4,12M,,0.012,,,,Bermudan,LB_G2,1,12/13/2024
TPBL12608,100,8/24/2026,8/24/2029,8/24/2027;8/24/2028,8/24/2027;8/24/2028,100;100,100;100,1,0.091,,,,,,,,,Bermudan,LB_G2,0,8/24/2029
VIBL12605,100,9/16/2026,9/16/2029,9/16/2027;9/16/2028,9/16/2027;9/16/2028,100;100,100;100,1,0.089,,,,,,,,,Bermudan,LB_G2,0,9/16/2029
VIBL12604,100,8/21/2026,8/21/2029,8/21/2027;8/21/2028,8/21/2027;8/21/2028,100;100,100;100,1,0.09,,,,,,,,,Bermudan,LB_G2,0,8/21/2029
VPB12517,100,12/24/2025,12/24/2027,12/24/2026,12/24/2026,100,100,1,0.076,,,,,,,,,European,LB_G2,0,12/24/2027
VPB12504,100,5/21/2025,5/21/2028,5/21/2027,5/21/2027,100,100,1,0.054,,,,,,,,,European,LB_G2,0,5/21/2028
VIBL2427009,100,12/13/2024,12/13/2027,12/13/2025;12/13/2026,12/13/2025;12/13/2026,100;100,100;100,1,0.053,,,,,,,,,Bermudan,LB_G2,0,12/13/2027
TCB12501,100,4/21/2025,4/21/2028,4/21/2026;4/21/2027,4/21/2026;4/21/2027,100;100,100;100,1,0.052,,,,,,,,,Bermudan,LB_G2,0,4/21/2028
HDBL2427028,100,12/24/2024,12/24/2027,12/24/2026,12/24/2026,100,100,1,0.057,,,,,,,,,European,LB_G3,0,12/24/2027
VIB12503,100,9/15/2025,9/15/2028,9/15/2026;9/15/2027,9/15/2026;9/15/2027,100;100,100;100,1,0.056,,,,,,,,,Bermudan,LB_G2,0,9/15/2028
VPB12509,100,6/30/2025,6/30/2028,6/30/2027,6/30/2027,100,100,1,0.054,,,,,,,,,European,LB_G2,0,6/30/2028
TCBL2427008,100,6/28/2024,6/28/2027,6/28/2025;6/28/2026,6/28/2025;6/28/2026,100;100,100;100,1,0.053,,,,,,,,,Bermudan,LB_G2,0,6/28/2027
TPBL2427005,100,6/28/2024,6/28/2027,6/28/2025;6/28/2026,6/28/2025;6/28/2026,100;100,100;100,1,0.052,,,,,,,,,Bermudan,LB_G2,0,6/28/2027
VIBL2427005,100,9/27/2024,9/27/2027,9/27/2025;9/27/2026,9/27/2025;9/27/2026,100;100,100;100,1,0.051,,,,,,,,,Bermudan,LB_G2,0,9/27/2027
TCB12409,100,6/28/2024,6/28/2027,6/28/2025;6/28/2026,6/28/2025;6/28/2026,100;100,100;100,1,0.054,,,,,,,,,Bermudan,LB_G2,0,6/28/2027
SIN12406,100,6/13/2024,6/13/2026,6/13/2025,6/13/2025,100,100,1,0.051,,,,,,,,,European,FB,0,6/13/2026
MSB12404,100,6/5/2024,6/5/2027,6/5/2025,6/5/2025,100,100,1,0.053,,,,,,,,,European,LB_G3,0,6/5/2027
MSBL2427002,100,4/22/2024,4/22/2027,4/22/2025,4/22/2025,100,100,1,0.039,,,,,,,,,European,LB_G3,0,4/22/2027
VIBL2226001,100,2/28/2022,2/28/2026,2/28/2025,2/28/2025,100,100,1,0.039,,,,,,,,,European,LB_G2,0,2/28/2026
OCBL2326015,100,12/14/2023,12/14/2026,1/14/2025,1/14/2025,100,100,1,0.051,,,,,,,,,European,LB_G3,0,12/14/2026
TPBL2125019,100,11/29/2021,11/29/2025,11/29/2024,11/29/2024,100,100,1,0.038,,,,,,,,,European,LB_G2,0,11/29/2025
HDBL2125015,100,12/17/2021,12/17/2025,12/17/2024,12/17/2024,100,100,1,0.038,,,,,,,,,European,LB_G3,0,12/17/2025
HDBL2125010,100,12/9/2021,12/9/2025,12/9/2024,12/9/2024,100,100,1,0.038,,,,,,,,,European,LB_G3,0,12/9/2025
TPBL2326014,100,11/30/2023,11/30/2026,11/30/2024;11/30/2025,11/30/2024;11/30/2025,100;100,100;100,1,0.057,,,,,,,,,Bermudan,LB_G2,0,11/30/2026
OCBL2326014,100,11/27/2023,11/27/2026,11/27/2024,11/27/2024,100,100,1,0.06,,,,,,,,,European,LB_G3,0,11/27/2026
OCBL2326012,100,11/15/2023,11/15/2026,11/15/2024,11/15/2024,100,100,1,0.06,,,,,,,,,European,LB_G3,0,11/15/2026
VIBL2125018,100,11/4/2021,11/4/2025,11/4/2024,11/4/2024,100,100,1,0.038,,,,,,,,,European,LB_G2,0,11/4/2025
VIBL2125019,100,11/8/2021,11/8/2025,11/8/2024,11/8/2024,100,100,1,0.038,,,,,,,,,European,LB_G2,0,11/8/2025
VIBL2125016,100,10/27/2021,10/27/2025,10/27/2024,10/27/2024,100,100,1,0.038,,,,,,,,,European,LB_G2,0,10/27/2025
VIBL2125014,100,8/26/2021,8/26/2025,8/26/2024,8/26/2024,100,100,1,0.038,,,,,,,,,European,LB_G2,0,8/26/2025
TCBL2326005,100,7/31/2023,7/31/2026,7/31/2024;7/31/2025,7/31/2024;7/31/2025,100;100,100;100,1,0.06,,,,,,,,,Bermudan,LB_G2,0,7/31/2026
TCBL2225006,100,6/15/2022,6/15/2025,6/15/2024,6/15/2024,100,100,1,0.043,,,,,,,,,European,LB_G2,0,6/15/2025
TCBL2225005,100,6/14/2022,6/14/2025,6/14/2024,6/14/2024,100,100,1,0.043,,,,,,,,,European,LB_G2,0,6/14/2025
HDBL2225003,100,5/31/2022,5/31/2025,5/31/2024,5/31/2024,100,100,1,0.042,,,,,,,,,European,LB_G3,0,5/31/2025
HDBL2225002,100,5/30/2022,5/30/2025,5/30/2024,5/30/2024,100,100,1,0.042,,,,,,,,,European,LB_G3,0,5/30/2025
TPBL2225008,100,5/26/2022,5/26/2025,5/26/2024,5/26/2024,100,100,1,0.043,,,,,,,,,European,LB_G2,0,5/26/2025
TPBL2225006,100,5/25/2022,5/25/2025,5/25/2024,5/25/2024,100,100,1,0.043,,,,,,,,,European,LB_G2,0,5/25/2025
MSBL2225002,100,5/17/2022,5/17/2025,5/17/2024,5/17/2024,100,100,1,0.043,,,,,,,,,European,LB_G3,0,5/17/2025
VIBL2225003,100,3/31/2022,3/31/2025,3/31/2024,3/31/2024,100,100,1,0.039,,,,,,,,,European,LB_G2,0,3/31/2025
LPBH2124016,100,12/21/2021,12/21/2024,12/21/2023,12/21/2023,100,100,1,0.033,,,,,,,,,European,LB_G2,0,12/21/2024
LPBH2124015,100,12/15/2021,12/15/2024,12/15/2023,12/15/2023,100,100,1,0.033,,,,,,,,,European,LB_G2,0,12/15/2024
LPBH2124014,100,12/13/2021,12/13/2024,12/13/2023,12/13/2023,100,100,1,0.033,,,,,,,,,European,LB_G2,0,12/13/2024
HDBL2225012,100,8/30/2022,8/30/2025,8/30/2023;8/30/2024,8/30/2023;8/30/2024,100;100,100;100,1,0.057,,,,,,,,,Bermudan,LB_G3,0,8/30/2025
OCBL2225011,100,8/26/2022,8/26/2025,8/26/2023,8/26/2023,100,100,1,0.056,,,,,,,,,European,LB_G3,0,8/26/2025
MSBL2124005,100,8/11/2021,8/11/2024,8/11/2023,8/11/2023,100,100,1,0.037,,,,,,,,,European,LB_G3,0,8/11/2024
LPBH2225007,100,7/26/2022,7/26/2025,7/26/2023;7/26/2024,7/26/2023;7/26/2024,100;100,100;100,1,0.048,,,,,,,,,Bermudan,LB_G2,0,7/26/2025
OCBL2225009,100,7/21/2022,7/21/2025,7/21/2023,7/21/2023,100,100,1,0.045,,,,,,,,,European,LB_G3,0,7/21/2025
TPBL2225009,100,7/21/2022,7/21/2025,7/21/2023,7/21/2023,100,100,1,0.047,,,,,,,,,European,LB_G2,0,7/21/2025
LPBH2124011,100,7/19/2021,7/19/2024,7/19/2023,7/19/2023,100,100,1,0.039,,,,,,,,,European,LB_G2,0,7/19/2024
LPBH2124009,100,7/14/2021,7/14/2024,7/14/2023,7/14/2023,100,100,1,0.039,,,,,,,,,European,LB_G2,0,7/14/2024
LPBH2225004,100,6/29/2022,6/29/2025,6/29/2023;6/29/2024,6/29/2023;6/29/2024,100;100,100;100,1,0.044,,,,,,,,,Bermudan,LB_G2,0,6/29/2025
TCBL2225009,100,6/21/2022,6/21/2025,6/21/2023,6/21/2023,100,100,1,0.042,,,,,,,,,European,LB_G2,0,6/21/2025
TCBL2225008,100,6/20/2022,6/20/2025,6/20/2023,6/20/2023,100,100,1,0.042,,,,,,,,,European,LB_G2,0,6/20/2025
MSBL2124003,100,6/7/2021,6/7/2024,6/7/2023,6/7/2023,100,100,1,0.04,,,,,,,,,European,LB_G3,0,6/7/2024
VIBL2225004,100,5/31/2022,5/31/2025,5/31/2023,5/31/2023,100,100,1,0.04,,,,,,,,,European,LB_G2,0,5/31/2025
TPBL2124006,100,5/31/2021,5/31/2024,5/31/2023,5/31/2023,100,100,1,0.038,,,,,,,,,European,LB_G2,0,5/31/2024
TPBL2124005,100,5/28/2021,5/28/2024,5/28/2023,5/28/2023,100,100,1,0.038,,,,,,,,,European,LB_G2,0,5/28/2024
TPBL2225005,100,5/25/2022,5/25/2025,5/25/2023,5/25/2023,100,100,1,0.04,,,,,,,,,European,LB_G2,0,5/25/2025
TPBL2225003,100,5/24/2022,5/24/2025,5/24/2023,5/24/2023,100,100,1,0.04,,,,,,,,,European,LB_G2,0,5/24/2025
MSBL2124001,100,5/18/2021,5/18/2024,5/18/2023,5/18/2023,100,100,1,0.04,,,,,,,,,European,LB_G3,0,5/18/2024
VPBL2124012,100,4/28/2021,4/28/2024,4/28/2023,4/28/2023,100,100,1,0.039,,,,,,,,,European,LB_G2,0,4/28/2024
VPBL2124011,100,4/26/2021,4/26/2024,4/26/2023,4/26/2023,100,100,1,0.039,,,,,,,,,European,LB_G2,0,4/26/2024
SHBH2123018,100,12/21/2021,12/21/2023,12/22/2022,12/22/2022,100,100,1,0.038,,,,,,,,,European,LB_G3,0,12/21/2023
TCBB2023003,100,12/22/2020,12/22/2023,12/22/2022,12/22/2022,100,100,1,0.04,,,,,,,,,European,LB_G2,0,12/22/2023
SHBH2123017,100,12/20/2021,12/20/2023,12/21/2022,12/21/2022,100,100,1,0.038,,,,,,,,,European,LB_G3,0,12/20/2023
TPBANKBOND_A4_171220,100,12/17/2020,12/17/2023,12/17/2022,12/17/2022,100,100,1,0.046,,,,,,,,,European,LB_G2,0,12/17/2023
VPBL2124026,100,12/16/2021,12/16/2024,12/16/2022,12/16/2022,100,100,1,0.024,,,,,,,,,European,LB_G2,0,12/16/2024
OCBH2023009,100,12/15/2020,12/15/2023,12/15/2022,12/15/2022,100,100,1,0.046,,,,,,,,,European,LB_G3,0,12/15/2023
OCBH2023008,100,12/14/2020,12/14/2023,12/14/2022,12/14/2022,100,100,1,0.046,,,,,,,,,European,LB_G3,0,12/14/2023
TPBANKBOND_A4_101220,100,12/10/2020,12/10/2023,12/10/2022,12/10/2022,100,100,1,0.046,,,,,,,,,European,LB_G2,0,12/10/2023
SHBH2123011,100,10/6/2021,10/6/2023,10/7/2022,10/7/2022,100,100,1,0.038,,,,,,,,,European,LB_G3,0,10/6/2023
SHBH2123009,100,9/22/2021,9/22/2023,9/23/2022,9/23/2022,100,100,1,0.038,,,,,,,,,European,LB_G3,0,9/22/2023
SHBH2123008,100,9/15/2021,9/15/2023,9/16/2022,9/16/2022,100,100,1,0.038,,,,,,,,,European,LB_G3,0,9/15/2023
MSBL2225001,100,4/18/2022,4/18/2025,,4/18/2024,,100,1,0.04,,,,,,,,,European,LB_G3,0,4/18/2025
VPFCH2123011,100,7/14/2021,7/14/2023,,7/14/2022,,100,1,0.0724,,,,,,,,,European,NBFI,0,7/14/2023
VCBL12610,100,8/25/2026,8/25/2030,8/25/2028,8/25/2028,100,100,0.5,0.08,,,,,,,,,European,LB_G1,0,8/25/2030
VCB12602,100,6/23/2026,6/23/2030,6/23/2028,6/23/2028,100,100,0.5,0.08,,,,,,,,,European,LB_G1,0,6/23/2030
VCB12501,100,12/18/2025,12/18/2027,12/18/2026,12/18/2026,100,100,1,0.058,,,,,,,,,European,LB_G1,0,12/18/2027
VBA12505,100,12/25/2025,12/25/2027,12/25/2026,12/25/2026,100,100,1,0.058,,,,,,,,,European,LB_G1,0,12/25/2027
OCB12501,100,4/28/2025,4/28/2028,4/28/2026,4/28/2026,100,100,1,0.0535,,,,,,,,,European,LB_G3,0,4/28/2028
OCB12501,100,4/28/2025,4/28/2028,4/28/2026,4/28/2026,100,100,1,0.0535,,,,,,,,,European,LB_G3,0,4/28/2028
MSB12503,100,4/23/2025,4/23/2028,4/23/2026,4/23/2026,100,100,1,0.053,,,,,,,,,European,LB_G3,0,4/23/2028
PGB12401,100,12/30/2024,12/30/2026,12/30/2025,12/30/2025,100,100,1,0.058,,,,,,,,,European,LB_G3,0,12/30/2026
PGB12401,100,12/30/2024,12/30/2026,12/30/2025,12/30/2025,100,100,1,0.058,,,,,,,,,European,LB_G3,0,12/30/2026
VPBB2427001,100,8/16/2024,8/16/2027,8/16/2025;8/16/2026,8/16/2025;8/16/2026,100;100,100;100,1,0.055,,,,,,,,,Bermudan,LB_G2,0,8/16/2027
HDBL2427010,100,7/31/2024,7/31/2027,7/31/2025,7/31/2025,100,100,1,0.057,,,,,,,,,European,LB_G3,0,7/31/2027
HDBL2427010,100,7/31/2024,7/31/2027,7/31/2025,7/31/2025,100,100,1,0.057,,,,,,,,,European,LB_G3,0,7/31/2027
OCBL2427024,100,12/12/2024,12/12/2027,12/12/2025,12/12/2025,100,100,1,0.056,,,,,,,,,European,LB_G3,0,12/12/2027
VBA12503,100,7/14/2025,7/14/2027,7/14/2025,7/14/2025,100,100,1,0.052,,,,,,,,,European,LB_G1,0,7/14/2027
ABBL2426004,100,12/24/2024,12/24/2026,12/24/2025,12/24/2025,100,100,1,0.055,,,,,,,,,European,LB_G3,0,12/24/2026
MSBL2427010,100,11/14/2024,11/14/2027,11/14/2025,11/14/2025,100,100,1,0.051,,,,,,,,,European,LB_G3,0,11/14/2027
ABBL2426002,100,11/28/2024,11/28/2026,11/28/2025,11/28/2025,100,100,1,0.055,,,,,,,,,European,LB_G3,0,11/28/2026
