bond_id,obs_date,dirty_amount,par_value,coupon_rate
VCB12604,7/17/2026,"500,000,000,000.00","500,000,000,000.00",0.0787
VCBL12608,8/17/2026,"500,000,000,000.00","500,000,000,000.00",0.0787
VCB12606,8/6/2026,"2,000,000,000,000.00","2,000,000,000,000.00",0.08
VCB12603,7/6/2026,"100,000,000,000.00","100,000,000,000.00",0.079
VCB12601,6/2/2026,"400,000,000,000.00","400,000,000,000.00",0.079
VCBH2230004,7/22/2024,"300,000,000,000.00","300,000,000,000.00",0.0648
VCBH2237003,7/22/2024,"250,000,000,000.00","250,000,000,000.00",0.068
VCBH2237002,7/15/2024,"400,000,000,000.00","400,000,000,000.00",0.068
VCBH2237001,7/11/2024,"100,000,000,000.00","100,000,000,000.00",0.068
VCBL2329001,12/22/2023,"1,000,000,000,000.00","1,000,000,000,000.00",0.056
VCBL2329002,12/22/2023,"2,000,000,000,000.00","2,000,000,000,000.00",0.062
VCBH2131008,12/23/2023,"300,000,000,000.00","300,000,000,000.00",0.067
VCBH2131003,11/19/2023,"600,000,000,000.00","600,000,000,000.00",0.067
VCBH2131001,11/15/2023,"450,000,000,000.00","450,000,000,000.00",0.067
VCBH2232006,8/15/2023,"100,000,000,000.00","100,000,000,000.00",0.066
VCBH2230005,8/9/2023,"1,500,000,000,000.00","1,500,000,000,000.00",0.065
VCB_BOND_RL06_2018_24,12/28/2021,"117,000,000,000.00","117,000,000,000.00",0.063
VCB_BOND_RL06_2018_23,12/26/2021,"63,500,000,000.00","63,500,000,000.00",0.063
VCB_BOND_RL06_2018_22,12/24/2021,"11,600,000,000.00","11,600,000,000.00",0.063
VCB_BOND_RL06_2018_21,12/20/2021,"18,400,000,000.00","18,400,000,000.00",0.063
VCB_BOND_RL06_2018_20,12/18/2021,"37,300,000,000.00","37,300,000,000.00",0.063
VCB_BOND_RL06_2018_19,12/14/2021,"21,400,000,000.00","21,400,000,000.00",0.0635
VCB_BOND_RL06_2018_18,12/12/2021,"18,300,000,000.00","18,300,000,000.00",0.0635
VCB_BOND_RL06_KHDN_2018_02,12/11/2021,"100,000,000,000.00","100,000,000,000.00",0.0635
VCB_BOND_RL06_2018_17,12/10/2021,"13,600,000,000.00","13,600,000,000.00",0.07
VCB_BOND_RL06_2018_16,12/6/2021,"30,300,000,000.00","30,300,000,000.00",0.07
VCB_BOND_RL06_2018_15,12/4/2021,"57,800,000,000.00","57,800,000,000.00",0.07
VCB_BOND_RL06_2018_14,11/30/2021,"55,200,000,000.00","55,200,000,000.00",0.07
VCB_BOND_RL06_2018_13,11/28/2021,"50,500,000,000.00","50,500,000,000.00",0.07
VCB_BOND_RL06_2018_12,11/26/2021,"26,400,000,000.00","26,400,000,000.00",0.07
VCB_BOND_RL06_2018_11,11/22/2021,"39,800,000,000.00","39,800,000,000.00",0.07
VCB_BOND_RL06_2018_09,11/16/2021,"31,000,000,000.00","31,000,000,000.00",0.07
VCB_BOND_RL06_2018_07,11/12/2021,"99,400,000,000.00","99,400,000,000.00",0.07
VCB_BOND_RL06_KHDN_2018_01,11/1/2021,"14,000,000,000.00","14,000,000,000.00",0.065
VCB_BOND_RL06_2018_03,10/31/2021,"163,700,000,000.00","163,700,000,000.00",0.065
VCBH2131008,12/23/2021,"300,000,000,000.00","300,000,000,000.00",0.067
VCBH2131001,11/15/2021,"950,000,000,000.00","950,000,000,000.00",0.067
VCBH2131003,11/19/2021,"600,000,000,000.00","600,000,000,000.00",0.067
VCBH2237002,7/15/2022,"800,000,000,000.00","800,000,000,000.00",0.068
VCB_BOND_RL15_2017_9,11/16/2021,"270,000,000,000.00","270,000,000,000.00",0.08
VCB_BOND_RL15_2017_7,11/3/2021,"300,000,000,000.00","300,000,000,000.00",0.08
VCBH2131007,12/3/2021,"350,000,000,000.00","350,000,000,000.00",0.0653
VCBH2128006,12/3/2021,"600,000,000,000.00","600,000,000,000.00",0.0613
VCBH2131005,11/24/2021,"500,000,000,000.00","500,000,000,000.00",0.0653
VCBH2128002,11/19/2021,"200,000,000,000.00","200,000,000,000.00",0.0613
VCBH2128004,11/24/2021,"500,000,000,000.00","500,000,000,000.00",0.0613
VCB_BOND_RL6_2018_8,12/26/2021,"5,000,000,000.00","5,000,000,000.00",0.063
VCBH2230005,8/9/2022,"1,500,000,000,000.00","1,500,000,000,000.00",0.065
VCB_BOND_RL7_2018_9,12/27/2021,"300,000,000,000.00","300,000,000,000.00",0.064
VCB_BOND_RL10_2017_11,12/20/2021,"360,000,000,000.00","360,000,000,000.00",0.066
VCB_BOND_RL07_2017_10,12/15/2021,"1,000,000,000,000.00","1,000,000,000,000.00",0.068
VCB_BOND_RL15_2018_7,12/27/2021,"50,000,000,000.00","50,000,000,000.00",0.08
VCBH2237004,7/22/2022,"300,000,000,000.00","300,000,000,000.00",0.0648
VCBH2232006,8/15/2022,"100,000,000,000.00","100,000,000,000.00",0.066
VCB_BOND_RL15_2018_1,10/22/2021,"100,000,000,000.00","100,000,000,000.00",0.08
VCB_BOND_RL10_2017_6,9/19/2021,"130,000,000,000.00","130,000,000,000.00",0.075
VCBH2237003,7/22/2022,"350,000,000,000.00","350,000,000,000.00",0.068
VCB_BOND_RL15_2018_6,11/21/2021,"50,000,000,000.00","50,000,000,000.00",0.08
VCB_BOND_RL15_2018_3,10/29/2021,"150,000,000,000.00","150,000,000,000.00",0.08
VCB_BOND_RL15_2018_2,10/26/2021,"25,000,000,000.00","25,000,000,000.00",0.08
VCB_BOND_RL15_2017_8,11/6/2021,"100,000,000,000.00","100,000,000,000.00",0.08
VCBH2237001,7/11/2022,"100,000,000,000.00","100,000,000,000.00",0.068
VCB_BOND_RL06_2018_10,11/20/2021,"50,100,000,000.00","50,100,000,000.00",0.07
VCB_BOND_RL06_2018_08,11/14/2021,"77,900,000,000.00","77,900,000,000.00",0.07
VCB_BOND_RL06_2018_06,11/8/2021,"43,800,000,000.00","43,800,000,000.00",0.07
VCB_BOND_RL06_2018_05,11/6/2021,"98,100,000,000.00","98,100,000,000.00",0.07
VCB_BOND_RL06_2018_04,11/2/2021,"80,000,000,000.00","80,000,000,000.00",0.065
VCB_BOND_RL06_2018_02,10/26/2021,"100,250,000,000.00","100,250,000,000.00",0.065
VCB_BOND_RL06_2018_01,10/23/2021,"64,400,000,000.00","64,400,000,000.00",0.065
VCBH2232007,8/24/2022,"90,000,000,000.00","90,000,000,000.00",0.067
VCB_BOND_RL15_2018_5,11/19/2021,"80,000,000,000.00","80,000,000,000.00",0.08
VCB_BOND_RL15_2018_4,11/12/2021,"170,000,000,000.00","170,000,000,000.00",0.08
VCB_BOND_RL15_2017_12,12/20/2021,"70,000,000,000.00","70,000,000,000.00",0.08
VBA125019,7/29/2025,"1,500,000,000,000.00","1,500,000,000,000.00",0.0648
VIBL2431010,12/18/2024,"500,000,000,000.00","500,000,000,000.00",0.0748
BID12513,5/29/2025,"3,000,000,000,000.00","3,000,000,000,000.00",0.0583
HDBC8Y253302,8/20/2025,"2,488,000,000,000.00","2,488,000,000,000.00",0.0668
CTG12502,4/28/2025,"2,000,000,000,000.00","2,000,000,000,000.00",0.0588
CTG12506,6/20/2025,"1,000,000,000,000.00","1,000,000,000,000.00",0.0583
BIDL2230011,6/23/2025,"2,000,000,000,000.00","2,000,000,000,000.00",0.0743
VIB_BOND_L1_2017_003,12/14/2023,"200,000,000,000.00","200,000,000,000.00",0.0795
VIB_BOND_L1_2017_002,12/13/2023,"800,000,000,000.00","800,000,000,000.00",0.0795
VIB_BOND_L1_2017_002,12/13/2017,"800,000,000,000.00","800,000,000,000.00",0.0795
VIB_BOND_L1_2017_003,12/14/2017,"200,000,000,000.00","200,000,000,000.00",0.0795
BIDL2230011,6/23/2022,"2,000,000,000,000.00","2,000,000,000,000.00",0.0705
